Open_Date,Open_Time,Close_Date,Close_Time,Day,Hour,Type,Entry,SL,TP,Result,RR,PnL_pts
2023-11-20,20:30:00,2023-11-21,04:30:00,Tuesday,04:30:00,LONG,1975.1,1967.2,1983.0,TP,1,7.9
2023-11-21,17:30:00,2023-11-21,18:30:00,Tuesday,18:30:00,LONG,1990.8,1987.9,1993.7,TP,1,2.9
2023-11-22,12:30:00,2023-11-22,12:30:00,Wednesday,12:30:00,LONG,2002.6,1999.6,2005.6,TP,1,3.0
2023-11-24,21:00:00,2023-11-24,21:00:00,Friday,21:00:00,LONG,2003.9,2000.2,2007.6,SL,-1,-3.7
2023-11-24,23:00:00,2023-11-27,05:30:00,Monday,05:30:00,LONG,2001.1,1997.8,2004.4,TP,1,3.3
2023-11-28,00:30:00,2023-11-28,05:30:00,Tuesday,05:30:00,LONG,2013.9,2010.1,2017.7,TP,1,3.8
2023-11-28,19:30:00,2023-11-28,21:30:00,Tuesday,21:30:00,LONG,2022.9,2011.5,2034.3,TP,1,11.4
2023-11-30,12:30:00,2023-11-30,13:30:00,Thursday,13:30:00,LONG,2066.0,2061.8,2070.2,SL,-1,-4.2
2023-12-01,14:30:00,2023-12-01,16:30:00,Friday,16:30:00,LONG,2065.7,2058.7,2072.7,SL,-1,-7.0
2023-12-01,21:30:00,2023-12-01,22:30:00,Friday,22:30:00,LONG,2073.0,2061.6,2084.4,TP,1,11.4
2023-12-04,20:30:00,2023-12-04,20:30:00,Monday,20:30:00,SHORT,2061.1,2076.7,2045.5,TP,1,15.6
2023-12-05,15:30:00,2023-12-05,16:30:00,Tuesday,16:30:00,SHORT,2046.4,2052.4,2040.4,TP,1,6.0
2023-12-05,20:30:00,2023-12-06,12:30:00,Wednesday,12:30:00,SHORT,2033.4,2048.3,2018.5,SL,-1,-14.9
2023-12-07,15:30:00,2023-12-07,16:30:00,Thursday,16:30:00,LONG,2051.7,2048.0,2055.4,SL,-1,-3.7
2023-12-08,19:30:00,2023-12-08,22:30:00,Friday,22:30:00,SHORT,2030.4,2048.0,2012.8,TP,1,17.6
2023-12-12,14:30:00,2023-12-12,15:30:00,Tuesday,15:30:00,SHORT,1998.7,2003.3,1994.1,SL,-1,-4.6
2023-12-12,21:30:00,2023-12-13,11:30:00,Wednesday,11:30:00,SHORT,1995.6,1999.8,1991.4,TP,1,4.2
2023-12-13,08:30:00,2023-12-13,11:30:00,Wednesday,11:30:00,SHORT,1992.9,1995.5,1990.3,TP,1,2.6
2023-12-15,04:30:00,2023-12-15,04:30:00,Friday,04:30:00,LONG,2051.6,2050.2,2053.0,TP,1,1.4
2023-12-15,13:30:00,2023-12-15,14:30:00,Friday,14:30:00,LONG,2053.6,2050.0,2057.2,TP,1,3.6
2023-12-18,16:30:00,2023-12-18,18:30:00,Monday,18:30:00,SHORT,2033.0,2039.1,2026.9,SL,-1,-6.1
2023-12-16,00:30:00,2023-12-18,23:30:00,Monday,23:30:00,SHORT,2033.8,2048.0,2019.6,SL,-1,-14.2
2023-12-18,23:30:00,2023-12-19,09:30:00,Tuesday,09:30:00,LONG,2047.9,2035.3,2060.5,SL,-1,-12.6
2023-12-20,08:30:00,2023-12-20,15:30:00,Wednesday,15:30:00,LONG,2053.5,2049.7,2057.3,SL,-1,-3.8
2023-12-19,20:30:00,2023-12-20,18:30:00,Wednesday,18:30:00,LONG,2056.1,2042.6,2069.6,SL,-1,-13.5
2023-12-21,02:30:00,2023-12-21,06:30:00,Thursday,06:30:00,SHORT,2042.6,2047.0,2038.2,SL,-1,-4.4
2023-12-22,01:30:00,2023-12-22,04:30:00,Friday,04:30:00,LONG,2057.0,2050.7,2063.3,TP,1,6.3
2023-12-22,13:30:00,2023-12-22,14:30:00,Friday,14:30:00,LONG,2062.6,2059.0,2066.2,TP,1,3.6
2023-12-14,01:30:00,2023-12-22,15:30:00,Friday,15:30:00,LONG,2033.0,1996.7,2069.3,TP,1,36.3
2023-12-21,19:30:00,2023-12-22,16:30:00,Friday,16:30:00,LONG,2057.8,2043.5,2072.1,TP,1,14.3
2023-12-26,11:30:00,2023-12-26,13:30:00,Tuesday,13:30:00,LONG,2075.5,2072.4,2078.6,SL,-1,-3.1
2023-12-26,16:30:00,2023-12-26,17:30:00,Tuesday,17:30:00,LONG,2074.9,2072.9,2076.9,SL,-1,-2.0
2023-12-27,14:30:00,2023-12-27,15:30:00,Wednesday,15:30:00,LONG,2079.6,2076.9,2082.3,SL,-1,-2.7
2023-12-27,02:30:00,2023-12-27,20:30:00,Wednesday,20:30:00,LONG,2079.9,2072.7,2087.1,TP,1,7.2
2023-12-27,20:30:00,2023-12-27,20:30:00,Wednesday,20:30:00,LONG,2084.2,2077.9,2090.5,TP,1,6.3
2023-12-29,02:30:00,2023-12-29,06:30:00,Friday,06:30:00,SHORT,2076.2,2078.9,2073.5,SL,-1,-2.7
2023-12-29,15:30:00,2023-12-29,18:30:00,Friday,18:30:00,SHORT,2074.0,2079.1,2068.9,TP,1,5.1
2023-12-29,18:30:00,2023-12-29,18:30:00,Friday,18:30:00,SHORT,2073.8,2078.1,2069.5,TP,1,4.3
2024-01-03,15:30:00,2024-01-03,16:30:00,Wednesday,16:30:00,SHORT,2062.3,2068.8,2055.8,TP,1,6.5
2024-01-04,19:30:00,2024-01-04,20:30:00,Thursday,20:30:00,SHORT,2046.1,2054.7,2037.5,SL,-1,-8.6
2024-01-05,15:30:00,2024-01-05,18:30:00,Friday,18:30:00,SHORT,2045.2,2050.8,2039.6,TP,1,5.6
2024-01-08,10:30:00,2024-01-08,10:30:00,Monday,10:30:00,SHORT,2042.2,2044.4,2040.0,TP,1,2.2
2024-01-10,11:30:00,2024-01-10,12:30:00,Wednesday,12:30:00,SHORT,2030.8,2035.6,2026.0,SL,-1,-4.8
2024-01-10,23:30:00,2024-01-11,06:30:00,Thursday,06:30:00,SHORT,2027.6,2033.3,2021.9,SL,-1,-5.7
2024-01-11,12:30:00,2024-01-11,13:30:00,Thursday,13:30:00,LONG,2039.3,2036.3,2042.3,SL,-1,-3.0
2024-01-11,22:30:00,2024-01-12,02:30:00,Friday,02:30:00,SHORT,2017.6,2034.0,2001.2,SL,-1,-16.4
2024-01-12,13:30:00,2024-01-12,15:30:00,Friday,15:30:00,LONG,2043.7,2038.3,2049.1,TP,1,5.4
2024-01-15,07:30:00,2024-01-15,07:30:00,Monday,07:30:00,LONG,2055.3,2051.2,2059.4,TP,1,4.1
2024-01-16,18:30:00,2024-01-16,18:30:00,Tuesday,18:30:00,SHORT,2039.1,2043.8,2034.4,SL,-1,-4.7
2024-01-16,22:30:00,2024-01-17,08:30:00,Wednesday,08:30:00,SHORT,2035.9,2045.0,2026.8,TP,1,9.1
2024-01-17,14:30:00,2024-01-17,15:30:00,Wednesday,15:30:00,SHORT,2024.3,2029.5,2019.1,SL,-1,-5.2
2024-01-17,20:30:00,2024-01-19,04:30:00,Friday,04:30:00,SHORT,2014.5,2026.4,2002.6,SL,-1,-11.9
2024-01-19,02:30:00,2024-01-19,10:30:00,Friday,10:30:00,LONG,2025.2,2022.3,2028.1,SL,-1,-2.9
2024-01-19,12:30:00,2024-01-19,12:30:00,Friday,12:30:00,LONG,2026.1,2022.6,2029.6,TP,1,3.5
2024-01-22,12:30:00,2024-01-22,12:30:00,Monday,12:30:00,SHORT,2021.5,2025.9,2017.1,SL,-1,-4.4
2024-01-23,11:30:00,2024-01-23,12:30:00,Tuesday,12:30:00,LONG,2032.9,2028.6,2037.2,TP,1,4.3
2024-01-24,14:30:00,2024-01-24,18:30:00,Wednesday,18:30:00,LONG,2033.4,2029.2,2037.6,TP,1,4.2
2024-01-24,16:30:00,2024-01-24,18:30:00,Wednesday,18:30:00,LONG,2034.2,2030.5,2037.9,TP,1,3.7
2024-01-24,21:30:00,2024-01-25,18:30:00,Thursday,18:30:00,SHORT,2015.6,2026.4,2004.8,TP,1,10.8
2024-01-25,18:30:00,2024-01-25,18:30:00,Thursday,18:30:00,SHORT,2013.5,2017.8,2009.2,TP,1,4.3
2024-01-29,08:30:00,2024-01-29,12:30:00,Monday,12:30:00,LONG,2024.5,2020.6,2028.4,TP,1,3.9
2024-01-29,12:30:00,2024-01-29,12:30:00,Monday,12:30:00,LONG,2028.2,2023.9,2032.5,TP,1,4.3
2024-01-29,18:30:00,2024-01-29,18:30:00,Monday,18:30:00,LONG,2029.7,2027.5,2031.9,SL,-1,-2.2
2024-01-30,13:30:00,2024-01-30,13:30:00,Tuesday,13:30:00,LONG,2040.0,2032.8,2047.2,TP,1,7.2
2024-01-31,02:30:00,2024-01-31,05:30:00,Wednesday,05:30:00,LONG,2055.0,2053.6,2056.4,TP,1,1.4
2024-01-31,13:30:00,2024-01-31,18:30:00,Wednesday,18:30:00,LONG,2056.5,2051.8,2061.2,TP,1,4.7
2024-01-31,18:30:00,2024-01-31,18:30:00,Wednesday,18:30:00,LONG,2057.7,2055.0,2060.4,TP,1,2.7
2024-02-01,16:30:00,2024-02-01,18:30:00,Thursday,18:30:00,SHORT,2047.5,2058.4,2036.6,SL,-1,-10.9
2024-02-02,09:30:00,2024-02-02,10:30:00,Friday,10:30:00,LONG,2072.2,2070.8,2073.6,TP,1,1.4
2024-02-02,17:30:00,2024-02-02,17:30:00,Friday,17:30:00,LONG,2073.2,2070.7,2075.7,SL,-1,-2.5
2024-02-01,21:30:00,2024-02-02,18:30:00,Friday,18:30:00,LONG,2070.8,2056.8,2084.8,SL,-1,-14.0
2024-02-05,08:30:00,2024-02-05,11:30:00,Monday,11:30:00,SHORT,2049.2,2055.0,2043.4,TP,1,5.8
2024-02-06,21:30:00,2024-02-08,13:30:00,Thursday,13:30:00,LONG,2054.5,2045.7,2063.3,SL,-1,-8.8
2024-02-08,17:30:00,2024-02-09,18:30:00,Friday,18:30:00,SHORT,2042.7,2051.3,2034.1,SL,-1,-8.6
2024-02-09,18:30:00,2024-02-09,18:30:00,Friday,18:30:00,SHORT,2043.0,2046.7,2039.3,SL,-1,-3.7
2024-02-12,07:30:00,2024-02-12,13:30:00,Monday,13:30:00,SHORT,2037.5,2040.8,2034.2,SL,-1,-3.3
2024-02-12,18:30:00,2024-02-12,18:30:00,Monday,18:30:00,SHORT,2034.5,2036.4,2032.6,TP,1,1.9
2024-02-13,14:30:00,2024-02-13,15:30:00,Tuesday,15:30:00,LONG,2039.8,2037.9,2041.7,TP,1,1.9
2024-02-02,19:30:00,2024-02-13,18:30:00,Tuesday,18:30:00,SHORT,2046.1,2074.7,2017.5,TP,1,28.6
2024-02-16,11:30:00,2024-02-16,11:30:00,Friday,11:30:00,LONG,2016.5,2015.2,2017.8,SL,-1,-1.3
2024-02-16,14:30:00,2024-02-16,16:30:00,Friday,16:30:00,LONG,2017.3,2015.4,2019.2,TP,1,1.9
2024-02-15,19:30:00,2024-02-16,18:30:00,Friday,18:30:00,LONG,2016.2,2007.1,2025.3,SL,-1,-9.1
2024-02-15,23:30:00,2024-02-16,18:30:00,Friday,18:30:00,LONG,2016.2,2011.7,2020.7,SL,-1,-4.5
2024-02-16,22:30:00,2024-02-16,22:30:00,Friday,22:30:00,LONG,2022.9,2019.1,2026.7,TP,1,3.8
2024-02-21,08:30:00,2024-02-21,20:30:00,Wednesday,20:30:00,LONG,2040.3,2036.4,2044.2,SL,-1,-3.9
2024-02-22,00:30:00,2024-02-22,00:30:00,Thursday,00:30:00,SHORT,2032.1,2035.7,2028.5,SL,-1,-3.6
2024-02-22,13:30:00,2024-02-22,13:30:00,Thursday,13:30:00,LONG,2042.2,2039.0,2045.4,TP,1,3.2
2024-02-22,21:30:00,2024-02-23,04:30:00,Friday,04:30:00,SHORT,2029.9,2035.4,2024.4,SL,-1,-5.5
2024-02-23,14:30:00,2024-02-23,15:30:00,Friday,15:30:00,SHORT,2027.6,2032.1,2023.1,SL,-1,-4.5
2024-02-13,19:30:00,2024-02-23,21:30:00,Friday,21:30:00,SHORT,2016.2,2047.3,1985.1,SL,-1,-31.1
2024-02-23,22:30:00,2024-02-26,05:30:00,Monday,05:30:00,LONG,2048.5,2040.0,2057.0,SL,-1,-8.5
2024-02-27,13:30:00,2024-02-27,13:30:00,Tuesday,13:30:00,LONG,2045.7,2042.6,2048.8,TP,1,3.1
2024-02-28,01:30:00,2024-02-28,06:30:00,Wednesday,06:30:00,SHORT,2038.8,2042.0,2035.6,SL,-1,-3.2
2024-02-28,12:30:00,2024-02-28,14:30:00,Wednesday,14:30:00,SHORT,2037.4,2040.9,2033.9,TP,1,3.5
2024-02-28,19:30:00,2024-02-29,16:30:00,Thursday,16:30:00,LONG,2045.6,2038.1,2053.1,SL,-1,-7.5
2024-02-29,16:30:00,2024-02-29,18:30:00,Thursday,18:30:00,SHORT,2038.6,2043.0,2034.2,SL,-1,-4.4
2024-03-01,07:30:00,2024-03-01,08:30:00,Friday,08:30:00,LONG,2053.1,2051.4,2054.8,TP,1,1.7
2024-03-01,12:30:00,2024-03-01,13:30:00,Friday,13:30:00,LONG,2056.3,2052.9,2059.7,SL,-1,-3.4
2024-03-01,16:30:00,2024-03-01,19:30:00,Friday,19:30:00,LONG,2063.9,2054.3,2073.5,SL,-1,-9.6
2024-02-29,19:30:00,2024-03-01,20:30:00,Friday,20:30:00,LONG,2057.4,2038.3,2076.5,TP,1,19.1
2024-03-01,21:30:00,2024-03-04,19:30:00,Monday,19:30:00,LONG,2079.8,2054.7,2104.9,TP,1,25.1
2024-03-06,10:30:00,2024-03-06,10:30:00,Wednesday,10:30:00,LONG,2134.4,2132.9,2135.9,TP,1,1.5
2024-03-06,12:30:00,2024-03-06,12:30:00,Wednesday,12:30:00,LONG,2135.8,2133.1,2138.5,TP,1,2.7
2024-03-06,17:30:00,2024-03-06,19:30:00,Wednesday,19:30:00,LONG,2141.6,2133.8,2149.4,TP,1,7.8
2024-03-07,23:30:00,2024-03-08,05:30:00,Friday,05:30:00,LONG,2166.3,2162.7,2169.9,TP,1,3.6
2024-03-08,13:30:00,2024-03-08,13:30:00,Friday,13:30:00,LONG,2169.0,2166.1,2171.9,TP,1,2.9
2024-03-11,13:30:00,2024-03-11,13:30:00,Monday,13:30:00,LONG,2189.3,2184.3,2194.3,SL,-1,-5.0
2024-03-12,17:30:00,2024-03-12,17:30:00,Tuesday,17:30:00,SHORT,2176.2,2182.4,2170.0,TP,1,6.2
2024-03-13,09:30:00,2024-03-13,10:30:00,Wednesday,10:30:00,SHORT,2162.5,2165.7,2159.3,SL,-1,-3.2
2024-03-13,14:30:00,2024-03-13,15:30:00,Wednesday,15:30:00,SHORT,2163.2,2166.5,2159.9,SL,-1,-3.3
2024-03-13,20:30:00,2024-03-13,22:30:00,Wednesday,22:30:00,LONG,2175.4,2169.0,2181.8,TP,1,6.4
2024-03-15,04:30:00,2024-03-15,05:30:00,Friday,05:30:00,SHORT,2165.4,2166.5,2164.3,SL,-1,-1.1
2024-03-14,18:30:00,2024-03-15,14:30:00,Friday,14:30:00,SHORT,2164.7,2174.6,2154.8,SL,-1,-9.9
2024-03-15,11:30:00,2024-03-15,17:30:00,Friday,17:30:00,LONG,2173.4,2167.6,2179.2,SL,-1,-5.8
2024-03-15,22:30:00,2024-03-18,03:30:00,Monday,03:30:00,SHORT,2161.6,2167.4,2155.8,TP,1,5.8
2024-03-16,01:30:00,2024-03-18,03:30:00,Monday,03:30:00,SHORT,2160.1,2163.2,2157.0,TP,1,3.1
2024-03-19,19:30:00,2024-03-20,03:30:00,Wednesday,03:30:00,SHORT,2153.2,2162.0,2144.4,SL,-1,-8.8
2024-03-21,00:30:00,2024-03-21,03:30:00,Thursday,03:30:00,LONG,2187.3,2160.0,2214.6,TP,1,27.3
2024-03-21,20:30:00,2024-03-22,22:30:00,Friday,22:30:00,SHORT,2177.3,2194.1,2160.5,TP,1,16.8
2024-03-22,07:30:00,2024-03-22,22:30:00,Friday,22:30:00,SHORT,2174.5,2187.8,2161.2,TP,1,13.3
2024-03-22,21:30:00,2024-03-22,22:30:00,Friday,22:30:00,SHORT,2167.0,2175.5,2158.5,TP,1,8.5
2024-03-26,14:30:00,2024-03-26,14:30:00,Tuesday,14:30:00,LONG,2179.8,2172.1,2187.5,TP,1,7.7
2024-03-27,13:30:00,2024-03-27,13:30:00,Wednesday,13:30:00,LONG,2201.4,2175.8,2227.0,SL,-1,-25.6
2024-03-28,08:30:00,2024-03-28,21:30:00,Thursday,21:30:00,LONG,2217.0,2188.6,2245.4,TP,1,28.4
2024-03-28,14:30:00,2024-03-28,21:30:00,Thursday,21:30:00,LONG,2217.8,2191.8,2243.8,TP,1,26.0
2024-04-02,03:30:00,2024-04-02,13:30:00,Tuesday,13:30:00,LONG,2273.1,2263.5,2282.7,TP,1,9.6
2024-04-02,08:30:00,2024-04-02,13:30:00,Tuesday,13:30:00,LONG,2275.4,2268.0,2282.8,TP,1,7.4
2024-04-02,12:30:00,2024-04-02,13:30:00,Tuesday,13:30:00,LONG,2276.4,2272.9,2279.9,TP,1,3.5
2024-04-02,19:30:00,2024-04-02,20:30:00,Tuesday,20:30:00,LONG,2287.9,2274.8,2301.0,SL,-1,-13.1
2024-04-02,23:30:00,2024-04-03,00:30:00,Wednesday,00:30:00,LONG,2287.6,2279.9,2295.3,TP,1,7.7
2024-04-03,20:30:00,2024-04-03,23:30:00,Wednesday,23:30:00,LONG,2306.0,2294.5,2317.5,TP,1,11.5
2024-04-05,19:30:00,2024-04-05,19:30:00,Friday,19:30:00,LONG,2323.0,2306.1,2339.9,TP,1,16.9
2024-04-08,07:30:00,2024-04-08,07:30:00,Monday,07:30:00,LONG,2344.3,2321.7,2366.9,TP,1,22.6
2024-04-09,05:30:00,2024-04-09,06:30:00,Tuesday,06:30:00,LONG,2359.4,2356.5,2362.3,TP,1,2.9
2024-04-09,19:30:00,2024-04-09,19:30:00,Tuesday,19:30:00,LONG,2379.7,2366.8,2392.6,SL,-1,-12.9
2024-04-10,18:30:00,2024-04-10,19:30:00,Wednesday,19:30:00,SHORT,2346.1,2369.4,2322.8,SL,-1,-23.3
2024-04-11,23:30:00,2024-04-12,00:30:00,Friday,00:30:00,LONG,2375.0,2365.6,2384.4,TP,1,9.4
2024-04-12,23:30:00,2024-04-15,23:30:00,Monday,23:30:00,SHORT,2363.0,2390.3,2335.7,SL,-1,-27.3
2024-04-16,00:30:00,2024-04-16,12:30:00,Tuesday,12:30:00,LONG,2395.0,2380.4,2409.6,SL,-1,-14.6
2024-04-17,14:30:00,2024-04-17,17:30:00,Wednesday,17:30:00,LONG,2409.8,2398.8,2420.8,SL,-1,-11.0
2024-04-19,22:30:00,2024-04-20,00:30:00,Saturday,00:30:00,LONG,2414.7,2404.7,2424.7,SL,-1,-10.0
2024-04-22,10:30:00,2024-04-22,10:30:00,Monday,10:30:00,SHORT,2382.4,2386.7,2378.1,TP,1,4.3
2024-04-26,11:30:00,2024-04-26,12:30:00,Friday,12:30:00,LONG,2350.7,2346.0,2355.4,TP,1,4.7
2024-04-29,08:30:00,2024-04-29,09:30:00,Monday,09:30:00,SHORT,2335.3,2342.9,2327.7,SL,-1,-7.6
2024-04-30,09:30:00,2024-04-30,09:30:00,Tuesday,09:30:00,SHORT,2339.8,2343.0,2336.6,TP,1,3.2
2024-05-02,03:30:00,2024-05-02,12:30:00,Thursday,12:30:00,LONG,2331.5,2317.9,2345.1,SL,-1,-13.6
2024-05-02,17:30:00,2024-05-02,17:30:00,Thursday,17:30:00,SHORT,2306.7,2313.0,2300.4,SL,-1,-6.3
2024-05-06,11:30:00,2024-05-06,12:30:00,Monday,12:30:00,LONG,2322.8,2317.7,2327.9,TP,1,5.1
2024-05-06,21:30:00,2024-05-06,21:30:00,Monday,21:30:00,LONG,2334.2,2328.1,2340.3,SL,-1,-6.1
2024-05-07,04:30:00,2024-05-07,04:30:00,Tuesday,04:30:00,LONG,2335.5,2333.0,2338.0,SL,-1,-2.5
2024-05-08,13:30:00,2024-05-08,15:30:00,Wednesday,15:30:00,SHORT,2312.7,2322.6,2302.8,SL,-1,-9.9
2024-05-09,19:30:00,2024-05-10,00:30:00,Friday,00:30:00,LONG,2333.6,2318.0,2349.2,TP,1,15.6
2024-05-10,21:30:00,2024-05-13,06:30:00,Monday,06:30:00,LONG,2373.1,2363.1,2383.1,SL,-1,-10.0
2024-05-13,13:30:00,2024-05-13,14:30:00,Monday,14:30:00,SHORT,2352.4,2357.4,2347.4,TP,1,5.0
2024-05-13,20:30:00,2024-05-13,20:30:00,Monday,20:30:00,SHORT,2346.8,2352.5,2341.1,TP,1,5.7
2024-05-15,08:30:00,2024-05-15,09:30:00,Wednesday,09:30:00,LONG,2364.5,2362.0,2367.0,SL,-1,-2.5
2024-05-14,19:30:00,2024-05-15,12:30:00,Wednesday,12:30:00,LONG,2361.1,2350.5,2371.7,TP,1,10.6
2024-05-14,22:30:00,2024-05-15,12:30:00,Wednesday,12:30:00,LONG,2361.2,2351.6,2370.8,TP,1,9.6
2024-05-15,13:30:00,2024-05-15,13:30:00,Wednesday,13:30:00,LONG,2371.8,2363.9,2379.7,TP,1,7.9
2024-05-15,20:30:00,2024-05-16,06:30:00,Thursday,06:30:00,LONG,2379.6,2358.8,2400.4,TP,1,20.8
2024-05-16,13:30:00,2024-05-16,14:30:00,Thursday,14:30:00,LONG,2395.7,2388.6,2402.8,SL,-1,-7.1
2024-05-17,16:30:00,2024-05-17,17:30:00,Friday,17:30:00,LONG,2391.8,2386.0,2397.6,TP,1,5.8
2024-05-22,10:30:00,2024-05-22,10:30:00,Wednesday,10:30:00,SHORT,2415.3,2419.6,2411.0,SL,-1,-4.3
2024-05-22,22:30:00,2024-05-22,23:30:00,Wednesday,23:30:00,SHORT,2392.6,2398.4,2386.8,TP,1,5.8
2024-05-24,15:30:00,2024-05-24,15:30:00,Friday,15:30:00,SHORT,2338.8,2344.5,2333.1,SL,-1,-5.7
2024-05-24,22:30:00,2024-05-27,03:30:00,Monday,03:30:00,SHORT,2334.0,2338.2,2329.8,SL,-1,-4.2
2024-05-27,03:30:00,2024-05-27,03:30:00,Monday,03:30:00,SHORT,2334.7,2336.4,2333.0,SL,-1,-1.7
2024-05-28,10:30:00,2024-05-28,10:30:00,Tuesday,10:30:00,LONG,2352.9,2351.5,2354.3,TP,1,1.4
2024-05-28,18:30:00,2024-05-29,13:30:00,Wednesday,13:30:00,LONG,2358.7,2347.1,2370.3,SL,-1,-11.6
2024-05-29,14:30:00,2024-05-29,17:30:00,Wednesday,17:30:00,SHORT,2345.2,2352.3,2338.1,TP,1,7.1
2024-05-29,17:30:00,2024-05-29,18:30:00,Wednesday,18:30:00,SHORT,2338.6,2347.5,2329.7,SL,-1,-8.9
2024-05-29,21:30:00,2024-05-29,22:30:00,Wednesday,22:30:00,SHORT,2336.6,2343.8,2329.4,SL,-1,-7.2
2024-05-30,00:30:00,2024-05-30,07:30:00,Thursday,07:30:00,SHORT,2337.6,2343.9,2331.3,TP,1,6.3
2024-05-30,13:30:00,2024-05-30,13:30:00,Thursday,13:30:00,LONG,2356.9,2331.4,2382.4,SL,-1,-25.5
2024-05-31,07:30:00,2024-05-31,07:30:00,Friday,07:30:00,LONG,2368.8,2344.8,2392.8,SL,-1,-24.0
2024-05-31,18:30:00,2024-05-31,19:30:00,Friday,19:30:00,LONG,2378.3,2341.9,2414.7,SL,-1,-36.4
2024-06-03,05:30:00,2024-06-03,05:30:00,Monday,05:30:00,SHORT,2344.2,2346.9,2341.5,SL,-1,-2.7
2024-06-03,09:30:00,2024-06-03,12:30:00,Monday,12:30:00,SHORT,2340.5,2348.3,2332.7,SL,-1,-7.8
2024-05-31,23:30:00,2024-06-03,17:30:00,Monday,17:30:00,SHORT,2322.3,2354.9,2289.7,SL,-1,-32.6
2024-06-03,21:30:00,2024-06-03,22:30:00,Monday,22:30:00,LONG,2364.5,2355.7,2373.3,TP,1,8.8
2024-06-04,14:30:00,2024-06-04,18:30:00,Tuesday,18:30:00,SHORT,2352.3,2359.8,2344.8,TP,1,7.5
2024-06-04,19:30:00,2024-06-05,10:30:00,Wednesday,10:30:00,SHORT,2341.8,2358.4,2325.2,SL,-1,-16.6
2024-06-05,18:30:00,2024-06-05,20:30:00,Wednesday,20:30:00,LONG,2364.0,2351.9,2376.1,TP,1,12.1
2024-06-06,20:30:00,2024-06-06,20:30:00,Thursday,20:30:00,LONG,2385.6,2377.0,2394.2,TP,1,8.6
2024-06-07,08:30:00,2024-06-07,10:30:00,Friday,10:30:00,LONG,2397.4,2388.3,2406.5,TP,1,9.1
2024-06-07,14:30:00,2024-06-07,18:30:00,Friday,18:30:00,SHORT,2360.7,2392.7,2328.7,TP,1,32.0
2024-06-12,18:30:00,2024-06-13,06:30:00,Thursday,06:30:00,LONG,2354.7,2328.2,2381.2,SL,-1,-26.5
2024-06-13,21:30:00,2024-06-14,13:30:00,Friday,13:30:00,SHORT,2313.2,2332.9,2293.5,SL,-1,-19.7
2024-06-14,15:30:00,2024-06-14,15:30:00,Friday,15:30:00,LONG,2338.2,2330.6,2345.8,TP,1,7.6
2024-06-18,15:30:00,2024-06-18,15:30:00,Tuesday,15:30:00,SHORT,2325.3,2328.9,2321.7,TP,1,3.6
2024-06-18,22:30:00,2024-06-19,06:30:00,Wednesday,06:30:00,LONG,2345.7,2341.2,2350.2,SL,-1,-4.5
2024-06-19,08:30:00,2024-06-19,08:30:00,Wednesday,08:30:00,LONG,2345.8,2343.4,2348.2,SL,-1,-2.4
2024-06-20,10:30:00,2024-06-20,13:30:00,Thursday,13:30:00,LONG,2354.9,2347.4,2362.4,SL,-1,-7.5
2024-06-20,16:30:00,2024-06-20,18:30:00,Thursday,18:30:00,LONG,2354.0,2346.8,2361.2,TP,1,7.2
2024-06-20,19:30:00,2024-06-20,19:30:00,Thursday,19:30:00,LONG,2363.3,2350.0,2376.6,TP,1,13.3
2024-06-21,13:30:00,2024-06-21,18:30:00,Friday,18:30:00,LONG,2378.1,2368.6,2387.6,SL,-1,-9.5
2024-06-25,09:30:00,2024-06-25,10:30:00,Tuesday,10:30:00,SHORT,2336.5,2341.2,2331.8,SL,-1,-4.7
2024-06-26,01:30:00,2024-06-26,03:30:00,Wednesday,03:30:00,SHORT,2331.0,2332.7,2329.3,SL,-1,-1.7
2024-06-26,05:30:00,2024-06-26,05:30:00,Wednesday,05:30:00,SHORT,2330.4,2333.2,2327.6,SL,-1,-2.8
2024-06-26,11:30:00,2024-06-26,13:30:00,Wednesday,13:30:00,SHORT,2323.4,2329.8,2317.0,SL,-1,-6.4
2024-06-21,19:30:00,2024-06-26,16:30:00,Wednesday,16:30:00,SHORT,2347.7,2377.4,2318.0,TP,1,29.7
2024-06-26,16:30:00,2024-06-26,17:30:00,Wednesday,17:30:00,SHORT,2318.5,2328.1,2308.9,SL,-1,-9.6
2024-06-26,18:30:00,2024-06-26,18:30:00,Wednesday,18:30:00,SHORT,2321.8,2329.8,2313.8,TP,1,8.0
2024-06-27,16:30:00,2024-06-27,17:30:00,Thursday,17:30:00,LONG,2325.8,2322.6,2329.0,TP,1,3.2
2024-06-28,11:30:00,2024-06-28,15:30:00,Friday,15:30:00,LONG,2337.8,2331.6,2344.0,TP,1,6.2
2024-07-01,16:30:00,2024-07-01,16:30:00,Monday,16:30:00,LONG,2342.7,2337.2,2348.2,TP,1,5.5
2024-07-02,17:30:00,2024-07-02,17:30:00,Tuesday,17:30:00,SHORT,2328.6,2334.8,2322.4,SL,-1,-6.2
2024-07-03,20:00:00,2024-07-05,17:30:00,Friday,17:30:00,LONG,2368.1,2356.9,2379.3,SL,-1,-11.2
2024-07-08,23:30:00,2024-07-09,00:30:00,Tuesday,00:30:00,SHORT,2362.9,2367.3,2358.5,SL,-1,-4.4
2024-07-09,20:30:00,2024-07-10,11:30:00,Wednesday,11:30:00,SHORT,2360.7,2378.3,2343.1,SL,-1,-17.6
2024-07-10,16:30:00,2024-07-10,17:30:00,Wednesday,17:30:00,LONG,2382.0,2378.3,2385.7,TP,1,3.7
2024-07-10,21:30:00,2024-07-10,22:30:00,Wednesday,22:30:00,LONG,2387.4,2380.5,2394.3,SL,-1,-6.9
2024-07-11,10:30:00,2024-07-11,11:30:00,Thursday,11:30:00,LONG,2387.6,2383.8,2391.4,SL,-1,-3.8
2024-07-11,14:30:00,2024-07-11,16:30:00,Thursday,16:30:00,LONG,2389.4,2384.7,2394.1,SL,-1,-4.7
2024-07-12,21:30:00,2024-07-15,03:30:00,Monday,03:30:00,LONG,2418.9,2413.2,2424.6,SL,-1,-5.7
2024-07-15,17:30:00,2024-07-15,17:30:00,Monday,17:30:00,LONG,2425.4,2419.5,2431.3,SL,-1,-5.9
2024-07-15,19:30:00,2024-07-15,19:30:00,Monday,19:30:00,LONG,2424.0,2416.3,2431.7,TP,1,7.7
2024-07-16,07:30:00,2024-07-16,12:30:00,Tuesday,12:30:00,LONG,2432.6,2425.8,2439.4,TP,1,6.8
2024-07-11,18:30:00,2024-07-16,14:30:00,Tuesday,14:30:00,LONG,2415.5,2383.1,2447.9,TP,1,32.4
2024-07-16,19:30:00,2024-07-16,20:30:00,Tuesday,20:30:00,LONG,2452.6,2435.4,2469.8,TP,1,17.2
2024-07-17,18:30:00,2024-07-17,18:30:00,Wednesday,18:30:00,LONG,2480.1,2473.2,2487.0,TP,1,6.9
2024-07-19,00:30:00,2024-07-19,00:30:00,Friday,00:30:00,SHORT,2453.6,2459.5,2447.7,TP,1,5.9
2024-07-22,06:30:00,2024-07-22,06:30:00,Monday,06:30:00,SHORT,2408.7,2413.4,2404.0,SL,-1,-4.7
2024-07-22,17:30:00,2024-07-22,19:30:00,Monday,19:30:00,SHORT,2399.4,2409.2,2389.6,TP,1,9.8
2024-07-23,11:30:00,2024-07-23,12:30:00,Tuesday,12:30:00,SHORT,2391.8,2398.0,2385.6,SL,-1,-6.2
2024-07-24,08:30:00,2024-07-24,18:30:00,Wednesday,18:30:00,LONG,2417.6,2408.1,2427.1,TP,1,9.5
2024-07-24,17:30:00,2024-07-24,18:30:00,Wednesday,18:30:00,LONG,2418.9,2411.5,2426.3,TP,1,7.4
2024-07-25,01:30:00,2024-07-25,06:30:00,Thursday,06:30:00,SHORT,2398.7,2409.3,2388.1,TP,1,10.6
2024-07-26,21:30:00,2024-07-29,03:30:00,Monday,03:30:00,LONG,2386.0,2379.7,2392.3,TP,1,6.3
2024-07-27,01:30:00,2024-07-29,03:30:00,Monday,03:30:00,LONG,2386.2,2381.7,2390.7,TP,1,4.5
2024-07-29,23:30:00,2024-07-30,00:30:00,Tuesday,00:30:00,SHORT,2375.1,2380.8,2369.4,SL,-1,-5.7
2024-07-30,15:30:00,2024-07-30,15:30:00,Tuesday,15:30:00,LONG,2434.8,2385.0,2484.6,SL,-1,-49.8
2024-08-01,18:30:00,2024-08-01,19:30:00,Thursday,19:30:00,LONG,2499.4,2446.2,2552.6,SL,-1,-53.2
2024-08-02,08:30:00,2024-08-02,08:30:00,Friday,08:30:00,LONG,2500.1,2491.0,2509.2,SL,-1,-9.1
2024-08-05,06:30:00,2024-08-05,06:30:00,Monday,06:30:00,SHORT,2422.1,2483.2,2361.0,SL,-1,-61.1
2024-08-06,11:30:00,2024-08-06,13:30:00,Tuesday,13:30:00,SHORT,2402.7,2452.3,2353.1,SL,-1,-49.6
2024-08-07,01:30:00,2024-08-07,01:30:00,Wednesday,01:30:00,SHORT,2427.6,2434.3,2420.9,TP,1,6.7
2024-08-07,04:30:00,2024-08-07,04:30:00,Wednesday,04:30:00,SHORT,2428.8,2433.1,2424.5,TP,1,4.3
2024-08-08,03:30:00,2024-08-08,05:30:00,Thursday,05:30:00,SHORT,2421.7,2427.4,2416.0,TP,1,5.7
2024-08-06,18:30:00,2024-08-08,16:30:00,Thursday,16:30:00,SHORT,2393.9,2452.9,2334.9,SL,-1,-59.0
2024-08-05,15:30:00,2024-08-09,15:30:00,Friday,15:30:00,SHORT,2418.0,2469.6,2366.4,SL,-1,-51.6
2024-08-09,16:30:00,2024-08-09,17:30:00,Friday,17:30:00,LONG,2471.4,2462.1,2480.7,SL,-1,-9.3
2024-08-09,21:30:00,2024-08-09,21:30:00,Friday,21:30:00,LONG,2471.9,2465.8,2478.0,SL,-1,-6.1
2024-08-12,10:30:00,2024-08-12,11:30:00,Monday,11:30:00,LONG,2472.5,2467.0,2478.0,SL,-1,-5.5
2024-08-08,16:30:00,2024-08-12,18:30:00,Monday,18:30:00,LONG,2445.7,2397.7,2493.7,TP,1,48.0
2024-08-12,03:30:00,2024-08-13,00:30:00,Tuesday,00:30:00,LONG,2470.7,2429.2,2512.2,TP,1,41.5
2024-08-13,09:30:00,2024-08-13,09:30:00,Tuesday,09:30:00,LONG,2505.0,2501.4,2508.6,SL,-1,-3.6
2024-08-13,11:30:00,2024-08-13,13:30:00,Tuesday,13:30:00,LONG,2504.5,2458.6,2550.4,SL,-1,-45.9
2024-08-02,20:30:00,2024-08-14,17:30:00,Wednesday,17:30:00,SHORT,2428.4,2518.4,2338.4,SL,-1,-90.0
2024-08-13,17:30:00,2024-08-14,18:30:00,Wednesday,18:30:00,LONG,2506.4,2459.5,2553.3,SL,-1,-46.9
2024-08-14,13:30:00,2024-08-14,18:30:00,Wednesday,18:30:00,LONG,2510.8,2468.0,2553.6,SL,-1,-42.8
2024-08-15,17:30:00,2024-08-15,17:30:00,Thursday,17:30:00,LONG,2501.9,2459.9,2543.9,SL,-1,-42.0
2024-08-16,15:30:00,2024-08-16,15:30:00,Friday,15:30:00,LONG,2502.1,2498.9,2505.3,TP,1,3.2
2024-08-14,19:30:00,2024-08-16,16:30:00,Friday,16:30:00,SHORT,2450.0,2508.8,2391.2,SL,-1,-58.8
2024-08-15,18:30:00,2024-08-16,16:30:00,Friday,16:30:00,SHORT,2448.5,2508.0,2389.0,SL,-1,-59.5
2024-08-19,21:30:00,2024-08-19,23:30:00,Monday,23:30:00,LONG,2544.4,2538.2,2550.6,SL,-1,-6.2
2024-08-20,00:30:00,2024-08-20,11:30:00,Tuesday,11:30:00,LONG,2543.4,2502.3,2584.5,SL,-1,-41.1
2024-08-20,13:30:00,2024-08-21,19:30:00,Wednesday,19:30:00,LONG,2553.7,2505.1,2602.3,SL,-1,-48.6
2024-08-21,19:30:00,2024-08-21,19:30:00,Wednesday,19:30:00,SHORT,2535.4,2551.0,2519.8,TP,1,15.6
2024-08-22,09:30:00,2024-08-22,10:30:00,Thursday,10:30:00,SHORT,2537.9,2541.3,2534.5,SL,-1,-3.4
2024-08-22,17:30:00,2024-08-22,17:30:00,Thursday,17:30:00,SHORT,2533.7,2542.1,2525.3,TP,1,8.4
2024-08-22,19:30:00,2024-08-23,16:30:00,Friday,16:30:00,SHORT,2484.6,2537.9,2431.3,SL,-1,-53.3
2024-08-23,18:30:00,2024-08-23,18:30:00,Friday,18:30:00,LONG,2537.8,2533.9,2541.7,SL,-1,-3.9
2024-08-26,12:30:00,2024-08-26,12:30:00,Monday,12:30:00,LONG,2550.8,2545.2,2556.4,TP,1,5.6
2024-08-27,08:30:00,2024-08-27,10:30:00,Tuesday,10:30:00,SHORT,2541.0,2545.5,2536.5,SL,-1,-4.5
2024-08-28,11:30:00,2024-08-28,11:30:00,Wednesday,11:30:00,SHORT,2540.3,2546.8,2533.8,SL,-1,-6.5
2024-08-28,16:30:00,2024-08-28,17:30:00,Wednesday,17:30:00,SHORT,2537.2,2545.3,2529.1,TP,1,8.1
2024-08-29,11:30:00,2024-08-29,17:30:00,Thursday,17:30:00,LONG,2553.4,2546.9,2559.9,SL,-1,-6.5
2024-08-29,22:30:00,2024-08-30,05:30:00,Friday,05:30:00,LONG,2560.1,2550.6,2569.6,SL,-1,-9.5
2024-08-30,20:30:00,2024-08-30,22:30:00,Friday,22:30:00,SHORT,2539.3,2551.7,2526.9,TP,1,12.4
2024-08-28,01:30:00,2024-09-02,07:30:00,Monday,07:30:00,LONG,2561.1,2522.3,2599.9,SL,-1,-38.8
2024-09-03,18:30:00,2024-09-04,13:30:00,Wednesday,13:30:00,SHORT,2519.0,2534.2,2503.8,TP,1,15.2
2024-09-04,12:30:00,2024-09-04,13:30:00,Wednesday,13:30:00,SHORT,2514.7,2524.7,2504.7,TP,1,10.0
2024-09-05,12:30:00,2024-09-05,13:30:00,Thursday,13:30:00,LONG,2537.1,2530.8,2543.4,TP,1,6.3
2024-09-06,16:30:00,2024-09-06,16:30:00,Friday,16:30:00,LONG,2549.7,2546.9,2552.5,SL,-1,-2.8
2024-09-05,23:30:00,2024-09-06,17:30:00,Friday,17:30:00,LONG,2545.8,2539.6,2552.0,TP,1,6.2
2024-09-06,08:30:00,2024-09-06,17:30:00,Friday,17:30:00,LONG,2547.8,2542.8,2552.8,TP,1,5.0
2024-09-06,21:30:00,2024-09-06,21:30:00,Friday,21:30:00,SHORT,2533.2,2548.4,2518.0,TP,1,15.2
2024-09-09,11:30:00,2024-09-09,15:30:00,Monday,15:30:00,SHORT,2516.3,2527.3,2505.3,SL,-1,-11.0
2024-09-10,18:30:00,2024-09-10,19:30:00,Tuesday,19:30:00,LONG,2543.2,2533.4,2553.0,SL,-1,-9.8
2024-09-11,00:30:00,2024-09-11,06:30:00,Wednesday,06:30:00,LONG,2545.5,2540.8,2550.2,TP,1,4.7
2024-09-11,17:30:00,2024-09-11,17:30:00,Wednesday,17:30:00,LONG,2553.4,2549.7,2557.1,SL,-1,-3.7
2024-09-12,18:30:00,2024-09-12,19:30:00,Thursday,19:30:00,LONG,2564.1,2546.5,2581.7,TP,1,17.6
2024-08-23,20:30:00,2024-09-13,18:30:00,Friday,18:30:00,LONG,2554.2,2499.0,2609.4,TP,1,55.2
2024-09-17,21:30:00,2024-09-18,15:30:00,Wednesday,15:30:00,SHORT,2588.4,2604.3,2572.5,SL,-1,-15.9
2024-09-19,13:30:00,2024-09-19,14:30:00,Thursday,14:30:00,LONG,2610.0,2599.8,2620.2,TP,1,10.2
2024-09-19,21:30:00,2024-09-20,11:30:00,Friday,11:30:00,LONG,2614.9,2605.6,2624.2,TP,1,9.3
2024-09-20,08:30:00,2024-09-20,11:30:00,Friday,11:30:00,LONG,2617.6,2612.4,2622.8,TP,1,5.2
2024-09-23,18:30:00,2024-09-24,09:30:00,Tuesday,09:30:00,LONG,2653.0,2644.5,2661.5,TP,1,8.5
2024-09-24,09:30:00,2024-09-24,10:30:00,Tuesday,10:30:00,LONG,2660.9,2653.6,2668.2,SL,-1,-7.3
2024-09-24,20:30:00,2024-09-25,00:30:00,Wednesday,00:30:00,LONG,2672.0,2659.0,2685.0,TP,1,13.0
2024-09-25,19:30:00,2024-09-25,19:30:00,Wednesday,19:30:00,LONG,2691.5,2682.6,2700.4,SL,-1,-8.9
2024-09-26,15:30:00,2024-09-26,15:30:00,Thursday,15:30:00,LONG,2693.1,2690.2,2696.0,TP,1,2.9
2024-09-27,20:30:00,2024-09-30,18:30:00,Monday,18:30:00,SHORT,2671.5,2689.6,2653.4,TP,1,18.1
2024-09-30,16:30:00,2024-10-01,15:30:00,Tuesday,15:30:00,SHORT,2657.3,2671.7,2642.9,SL,-1,-14.4
2024-10-01,16:30:00,2024-10-01,16:30:00,Tuesday,16:30:00,LONG,2672.0,2669.7,2674.3,SL,-1,-2.3
2024-10-03,13:30:00,2024-10-03,21:30:00,Thursday,21:30:00,SHORT,2663.7,2676.7,2650.7,SL,-1,-13.0
2024-10-03,18:30:00,2024-10-03,21:30:00,Thursday,21:30:00,SHORT,2662.3,2675.9,2648.7,SL,-1,-13.6
2024-10-04,10:30:00,2024-10-04,11:30:00,Friday,11:30:00,LONG,2686.2,2680.3,2692.1,SL,-1,-5.9
2024-10-08,13:30:00,2024-10-08,13:30:00,Tuesday,13:30:00,SHORT,2649.6,2657.4,2641.8,SL,-1,-7.8
2024-10-09,07:30:00,2024-10-09,11:30:00,Wednesday,11:30:00,SHORT,2636.9,2642.9,2630.9,TP,1,6.0
2024-10-09,12:30:00,2024-10-09,15:30:00,Wednesday,15:30:00,SHORT,2628.8,2638.1,2619.5,SL,-1,-9.3
2024-10-10,03:30:00,2024-10-10,06:30:00,Thursday,06:30:00,SHORT,2625.3,2627.9,2622.7,SL,-1,-2.6
2024-10-09,22:30:00,2024-10-10,13:30:00,Thursday,13:30:00,SHORT,2626.0,2634.4,2617.6,SL,-1,-8.4
2024-10-09,19:30:00,2024-10-10,17:30:00,Thursday,17:30:00,SHORT,2625.1,2639.3,2610.9,SL,-1,-14.2
2024-10-11,01:30:00,2024-10-11,06:30:00,Friday,06:30:00,LONG,2648.8,2643.2,2654.4,TP,1,5.6
2024-10-11,06:30:00,2024-10-11,06:30:00,Friday,06:30:00,LONG,2651.8,2649.5,2654.1,TP,1,2.3
2024-10-08,20:30:00,2024-10-11,07:30:00,Friday,07:30:00,SHORT,2638.0,2659.4,2616.6,SL,-1,-21.4
2024-10-11,16:30:00,2024-10-11,17:30:00,Friday,17:30:00,LONG,2659.2,2654.0,2664.4,TP,1,5.2
2024-10-10,18:30:00,2024-10-11,18:30:00,Friday,18:30:00,LONG,2644.4,2618.8,2670.0,TP,1,25.6
2024-10-14,08:30:00,2024-10-15,09:30:00,Tuesday,09:30:00,LONG,2673.0,2660.0,2686.0,SL,-1,-13.0
2024-10-16,07:30:00,2024-10-16,11:30:00,Wednesday,11:30:00,LONG,2684.4,2676.4,2692.4,TP,1,8.0
2024-10-15,20:30:00,2024-10-16,14:30:00,Wednesday,14:30:00,LONG,2680.9,2664.2,2697.6,TP,1,16.7
2024-10-17,07:30:00,2024-10-17,08:30:00,Thursday,08:30:00,LONG,2698.9,2692.1,2705.7,SL,-1,-6.8
2024-10-17,11:30:00,2024-10-17,14:30:00,Thursday,14:30:00,LONG,2700.0,2693.9,2706.1,SL,-1,-6.1
2024-10-17,19:30:00,2024-10-18,06:30:00,Friday,06:30:00,LONG,2705.8,2693.0,2718.6,TP,1,12.8
2024-10-18,01:30:00,2024-10-18,06:30:00,Friday,06:30:00,LONG,2708.0,2704.0,2712.0,TP,1,4.0
2024-10-18,14:30:00,2024-10-18,14:30:00,Friday,14:30:00,LONG,2721.7,2716.9,2726.5,TP,1,4.8
2024-10-22,20:30:00,2024-10-23,12:30:00,Wednesday,12:30:00,LONG,2757.7,2748.0,2767.4,TP,1,9.7
2024-10-22,22:30:00,2024-10-23,12:30:00,Wednesday,12:30:00,LONG,2760.0,2751.8,2768.2,TP,1,8.2
2024-10-23,10:30:00,2024-10-23,13:30:00,Wednesday,13:30:00,LONG,2764.6,2759.2,2770.0,TP,1,5.4
2024-10-23,20:30:00,2024-10-24,16:30:00,Thursday,16:30:00,SHORT,2730.0,2752.5,2707.5,SL,-1,-22.5
2024-10-24,18:30:00,2024-10-24,18:30:00,Thursday,18:30:00,LONG,2754.6,2747.0,2762.2,SL,-1,-7.6
2024-10-25,09:30:00,2024-10-25,10:30:00,Friday,10:30:00,SHORT,2737.0,2741.0,2733.0,SL,-1,-4.0
2024-10-25,14:30:00,2024-10-25,16:30:00,Friday,16:30:00,SHORT,2731.3,2739.5,2723.1,SL,-1,-8.2
2024-10-25,22:30:00,2024-10-25,22:30:00,Friday,22:30:00,LONG,2752.1,2746.7,2757.5,TP,1,5.4
2024-10-25,20:30:00,2024-10-28,06:30:00,Monday,06:30:00,LONG,2753.3,2740.0,2766.6,SL,-1,-13.3
2024-10-29,06:30:00,2024-10-29,06:30:00,Tuesday,06:30:00,LONG,2759.0,2755.3,2762.7,TP,1,3.7
2024-10-29,14:30:00,2024-10-29,16:30:00,Tuesday,16:30:00,LONG,2767.6,2758.5,2776.7,SL,-1,-9.1
2024-10-29,19:30:00,2024-10-30,06:30:00,Wednesday,06:30:00,LONG,2776.6,2760.4,2792.8,TP,1,16.2
2024-10-30,18:30:00,2024-10-30,18:30:00,Wednesday,18:30:00,LONG,2795.3,2784.9,2805.7,SL,-1,-10.4
2024-10-31,06:30:00,2024-10-31,06:30:00,Thursday,06:30:00,LONG,2799.3,2795.7,2802.9,SL,-1,-3.6
2024-10-30,21:30:00,2024-10-31,17:30:00,Thursday,17:30:00,LONG,2797.8,2783.4,2812.2,SL,-1,-14.4
2024-10-31,18:30:00,2024-10-31,18:30:00,Thursday,18:30:00,SHORT,2782.4,2792.9,2771.9,TP,1,10.5
2024-11-01,21:30:00,2024-11-01,23:30:00,Friday,23:30:00,SHORT,2752.3,2760.4,2744.2,TP,1,8.1
2024-11-04,13:30:00,2024-11-04,15:30:00,Monday,15:30:00,SHORT,2744.2,2754.0,2734.4,SL,-1,-9.8
2024-11-05,07:30:00,2024-11-05,07:30:00,Tuesday,07:30:00,SHORT,2741.6,2745.0,2738.2,TP,1,3.4
2024-11-06,17:30:00,2024-11-06,18:30:00,Wednesday,18:30:00,SHORT,2704.4,2731.8,2677.0,TP,1,27.4
2024-11-07,22:30:00,2024-11-08,00:30:00,Friday,00:30:00,LONG,2706.8,2697.7,2715.9,SL,-1,-9.1
2024-11-08,05:30:00,2024-11-08,06:30:00,Friday,06:30:00,LONG,2715.4,2711.4,2719.4,SL,-1,-4.0
2024-11-11,07:30:00,2024-11-11,17:30:00,Monday,17:30:00,SHORT,2678.5,2692.1,2664.9,TP,1,13.6
2024-11-12,22:30:00,2024-11-13,06:30:00,Wednesday,06:30:00,SHORT,2604.0,2610.0,2598.0,SL,-1,-6.0
2024-11-13,22:30:00,2024-11-14,06:30:00,Thursday,06:30:00,SHORT,2590.5,2612.0,2569.0,TP,1,21.5
2024-11-18,09:30:00,2024-11-18,10:30:00,Monday,10:30:00,LONG,2597.1,2592.4,2601.8,SL,-1,-4.7
2024-11-18,17:30:00,2024-11-18,17:30:00,Monday,17:30:00,LONG,2599.9,2594.7,2605.1,SL,-1,-5.2
2024-11-20,00:30:00,2024-11-20,05:30:00,Wednesday,05:30:00,LONG,2634.3,2630.1,2638.5,TP,1,4.2
2024-11-20,20:30:00,2024-11-21,06:30:00,Thursday,06:30:00,LONG,2649.9,2637.5,2662.3,TP,1,12.4
2024-11-22,06:30:00,2024-11-22,06:30:00,Friday,06:30:00,LONG,2675.6,2670.8,2680.4,TP,1,4.8
2024-11-22,20:30:00,2024-11-22,23:30:00,Friday,23:30:00,LONG,2698.7,2686.4,2711.0,TP,1,12.3
2024-11-25,10:30:00,2024-11-25,15:30:00,Monday,15:30:00,SHORT,2665.5,2678.1,2652.9,SL,-1,-12.6
2024-11-27,12:30:00,2024-11-27,13:30:00,Wednesday,13:30:00,LONG,2648.1,2639.1,2657.1,TP,1,9.0
2024-11-25,20:30:00,2024-11-27,18:30:00,Wednesday,18:30:00,SHORT,2634.5,2680.1,2588.9,SL,-1,-45.6
2024-11-27,18:30:00,2024-11-27,18:30:00,Wednesday,18:30:00,LONG,2679.8,2648.9,2710.7,SL,-1,-30.9
2024-11-29,22:00:00,2024-12-02,04:30:00,Monday,04:30:00,LONG,2682.9,2652.4,2713.4,SL,-1,-30.5
2024-12-03,19:30:00,2024-12-03,20:30:00,Tuesday,20:30:00,LONG,2676.3,2640.4,2712.2,SL,-1,-35.9
2024-12-06,06:30:00,2024-12-06,06:30:00,Friday,06:30:00,SHORT,2651.4,2656.6,2646.2,TP,1,5.2
2024-12-05,22:30:00,2024-12-06,09:30:00,Friday,09:30:00,SHORT,2635.1,2666.7,2603.5,SL,-1,-31.6
2024-12-09,15:30:00,2024-12-10,18:30:00,Tuesday,18:30:00,LONG,2679.0,2653.1,2704.9,TP,1,25.9
2024-12-10,17:30:00,2024-12-10,18:30:00,Tuesday,18:30:00,LONG,2698.1,2692.1,2704.1,TP,1,6.0
2024-12-10,06:30:00,2024-12-10,19:30:00,Tuesday,19:30:00,LONG,2688.3,2661.0,2715.6,TP,1,27.3
2024-12-11,17:30:00,2024-12-11,18:30:00,Wednesday,18:30:00,LONG,2728.5,2723.4,2733.6,SL,-1,-5.1
2024-12-12,12:30:00,2024-12-12,14:30:00,Thursday,14:30:00,LONG,2752.0,2744.5,2759.5,SL,-1,-7.5
2024-12-11,19:30:00,2024-12-12,19:30:00,Thursday,19:30:00,LONG,2733.1,2702.1,2764.1,SL,-1,-31.0
2024-12-12,19:30:00,2024-12-12,19:30:00,Thursday,19:30:00,SHORT,2714.0,2742.6,2685.4,TP,1,28.6
2024-12-13,09:30:00,2024-12-13,11:30:00,Friday,11:30:00,SHORT,2708.7,2714.1,2703.3,TP,1,5.4
2024-12-18,20:30:00,2024-12-19,00:30:00,Thursday,00:30:00,SHORT,2652.8,2660.8,2644.8,TP,1,8.0
2024-12-17,14:30:00,2024-12-19,01:30:00,Thursday,01:30:00,SHORT,2640.3,2670.2,2610.4,TP,1,29.9
2024-12-19,18:30:00,2024-12-19,20:30:00,Thursday,20:30:00,SHORT,2618.1,2630.9,2605.3,TP,1,12.8
2024-12-20,04:30:00,2024-12-20,06:30:00,Friday,06:30:00,SHORT,2608.3,2612.6,2604.0,TP,1,4.3
2024-12-20,20:30:00,2024-12-20,20:30:00,Friday,20:30:00,LONG,2636.2,2623.9,2648.5,TP,1,12.3
2024-12-23,21:30:00,2024-12-23,21:30:00,Monday,21:30:00,SHORT,2624.0,2631.1,2616.9,SL,-1,-7.1
2024-12-26,12:30:00,2024-12-26,12:30:00,Thursday,12:30:00,LONG,2642.6,2640.1,2645.1,SL,-1,-2.5
2024-12-26,15:30:00,2024-12-26,16:30:00,Thursday,16:30:00,LONG,2642.7,2640.2,2645.2,TP,1,2.5
2024-12-26,20:30:00,2024-12-26,20:30:00,Thursday,20:30:00,LONG,2646.5,2638.6,2654.4,TP,1,7.9
2024-12-27,01:30:00,2024-12-27,05:30:00,Friday,05:30:00,LONG,2654.3,2651.2,2657.4,SL,-1,-3.1
2024-12-27,15:30:00,2024-12-27,15:30:00,Friday,15:30:00,SHORT,2638.5,2642.5,2634.5,SL,-1,-4.0
2024-12-27,19:30:00,2024-12-30,13:30:00,Monday,13:30:00,SHORT,2632.1,2642.7,2621.5,TP,1,10.6
2024-12-30,13:30:00,2024-12-30,13:30:00,Monday,13:30:00,SHORT,2627.6,2631.9,2623.3,TP,1,4.3
2024-12-30,21:30:00,2024-12-31,06:30:00,Tuesday,06:30:00,SHORT,2611.9,2623.9,2599.9,SL,-1,-12.0
2024-12-30,19:30:00,2024-12-31,20:30:00,Tuesday,20:30:00,SHORT,2618.0,2636.9,2599.1,SL,-1,-18.9
2024-12-31,21:30:00,2025-01-02,15:30:00,Thursday,15:30:00,LONG,2641.0,2625.5,2656.5,TP,1,15.5
2025-01-03,16:30:00,2025-01-03,18:30:00,Friday,18:30:00,LONG,2672.3,2667.4,2677.2,SL,-1,-4.9
2025-01-03,21:30:00,2025-01-06,09:30:00,Monday,09:30:00,SHORT,2655.0,2662.4,2647.6,TP,1,7.4
2025-01-06,09:30:00,2025-01-06,10:30:00,Monday,10:30:00,SHORT,2651.2,2657.8,2644.6,TP,1,6.6
2025-01-06,19:30:00,2025-01-07,17:30:00,Tuesday,17:30:00,SHORT,2630.8,2661.7,2599.9,SL,-1,-30.9
2025-01-07,17:30:00,2025-01-07,18:30:00,Tuesday,18:30:00,LONG,2659.9,2653.3,2666.5,TP,1,6.6
2025-01-08,19:30:00,2025-01-08,21:30:00,Wednesday,21:30:00,LONG,2674.9,2663.5,2686.3,TP,1,11.4
2025-01-09,16:30:00,2025-01-09,16:30:00,Thursday,16:30:00,LONG,2684.8,2680.5,2689.1,TP,1,4.3
2025-01-10,02:30:00,2025-01-10,04:30:00,Friday,04:30:00,LONG,2692.2,2690.6,2693.8,TP,1,1.6
2025-01-13,17:30:00,2025-01-13,17:30:00,Monday,17:30:00,SHORT,2699.4,2707.8,2691.0,TP,1,8.4
2025-01-14,08:30:00,2025-01-14,09:30:00,Tuesday,09:30:00,SHORT,2684.6,2687.3,2681.9,SL,-1,-2.7
2025-01-14,11:30:00,2025-01-14,13:30:00,Tuesday,13:30:00,SHORT,2682.4,2689.9,2674.9,SL,-1,-7.5
2025-01-14,15:30:00,2025-01-14,18:30:00,Tuesday,18:30:00,SHORT,2678.8,2685.3,2672.3,SL,-1,-6.5
2025-01-15,12:30:00,2025-01-15,13:30:00,Wednesday,13:30:00,LONG,2697.8,2693.3,2702.3,TP,1,4.5
2025-01-15,22:30:00,2025-01-16,06:30:00,Thursday,06:30:00,LONG,2712.6,2698.9,2726.3,TP,1,13.7
2025-01-17,15:30:00,2025-01-17,17:30:00,Friday,17:30:00,SHORT,2729.8,2739.7,2719.9,SL,-1,-9.9
2025-01-17,21:30:00,2025-01-17,21:30:00,Friday,21:30:00,LONG,2750.3,2744.7,2755.9,TP,1,5.6
2025-01-21,20:30:00,2025-01-22,15:30:00,Wednesday,15:30:00,LONG,2755.3,2736.4,2774.2,TP,1,18.9
2025-01-22,21:30:00,2025-01-23,06:30:00,Thursday,06:30:00,LONG,2771.8,2761.1,2782.5,SL,-1,-10.7
2025-01-22,14:30:00,2025-01-23,08:30:00,Thursday,08:30:00,LONG,2767.1,2759.5,2774.7,SL,-1,-7.6
2025-01-23,18:30:00,2025-01-23,21:30:00,Thursday,21:30:00,SHORT,2748.1,2759.6,2736.6,SL,-1,-11.5
2025-01-24,06:30:00,2025-01-24,07:30:00,Friday,07:30:00,LONG,2769.0,2762.0,2776.0,TP,1,7.0
2025-01-27,07:30:00,2025-01-27,11:30:00,Monday,11:30:00,SHORT,2767.3,2777.8,2756.8,TP,1,10.5
2025-01-27,10:30:00,2025-01-27,12:30:00,Monday,12:30:00,SHORT,2760.6,2766.2,2755.0,TP,1,5.6
2025-01-27,20:30:00,2025-01-27,22:30:00,Monday,22:30:00,SHORT,2747.7,2762.0,2733.4,TP,1,14.3
2025-01-28,12:30:00,2025-01-28,12:30:00,Tuesday,12:30:00,SHORT,2741.8,2745.9,2737.7,SL,-1,-4.1
2025-01-28,20:30:00,2025-01-28,23:30:00,Tuesday,23:30:00,LONG,2761.3,2753.6,2769.0,TP,1,7.7
2025-01-29,19:30:00,2025-01-30,00:30:00,Thursday,00:30:00,LONG,2772.6,2764.7,2780.5,SL,-1,-7.9
2025-01-30,12:30:00,2025-01-30,13:30:00,Thursday,13:30:00,LONG,2779.5,2771.4,2787.6,TP,1,8.1
2025-01-31,18:30:00,2025-01-31,22:30:00,Friday,22:30:00,LONG,2848.5,2820.5,2876.5,SL,-1,-28.0
2025-02-03,07:30:00,2025-02-03,14:30:00,Monday,14:30:00,SHORT,2797.0,2834.3,2759.7,SL,-1,-37.3
2025-02-03,18:30:00,2025-02-05,07:30:00,Wednesday,07:30:00,LONG,2847.7,2813.1,2882.3,TP,1,34.6
2025-02-05,13:30:00,2025-02-05,18:30:00,Wednesday,18:30:00,LONG,2890.5,2860.5,2920.5,SL,-1,-30.0
2025-02-05,20:30:00,2025-02-05,21:30:00,Wednesday,21:30:00,LONG,2895.4,2864.7,2926.1,SL,-1,-30.7
2025-02-06,20:30:00,2025-02-07,05:30:00,Friday,05:30:00,SHORT,2841.1,2884.7,2797.5,SL,-1,-43.6
2025-02-04,19:30:00,2025-02-07,20:30:00,Friday,20:30:00,LONG,2867.3,2828.0,2906.6,TP,1,39.3
2025-02-07,20:30:00,2025-02-07,21:30:00,Friday,21:30:00,LONG,2904.0,2873.8,2934.2,SL,-1,-30.2
2025-02-10,08:30:00,2025-02-10,13:30:00,Monday,13:30:00,LONG,2901.5,2876.8,2926.2,TP,1,24.7
2025-02-11,18:30:00,2025-02-11,19:30:00,Tuesday,19:30:00,SHORT,2895.8,2930.7,2860.9,SL,-1,-34.9
2025-02-12,09:30:00,2025-02-12,11:30:00,Wednesday,11:30:00,SHORT,2913.5,2920.5,2906.5,SL,-1,-7.0
2025-02-12,15:30:00,2025-02-12,15:30:00,Wednesday,15:30:00,SHORT,2910.5,2917.5,2903.5,TP,1,7.0
2025-02-13,07:30:00,2025-02-13,07:30:00,Thursday,07:30:00,LONG,2934.7,2928.7,2940.7,SL,-1,-6.0
2025-02-13,15:30:00,2025-02-13,15:30:00,Thursday,15:30:00,LONG,2944.3,2935.6,2953.0,SL,-1,-8.7
2025-02-14,10:30:00,2025-02-14,11:30:00,Friday,11:30:00,LONG,2956.6,2952.7,2960.5,TP,1,3.9
2025-02-14,14:30:00,2025-02-14,15:30:00,Friday,15:30:00,LONG,2962.4,2955.5,2969.3,SL,-1,-6.9
2025-02-14,00:30:00,2025-02-14,18:30:00,Friday,18:30:00,LONG,2953.4,2927.3,2979.5,SL,-1,-26.1
2025-02-14,20:30:00,2025-02-14,21:30:00,Friday,21:30:00,SHORT,2919.0,2948.2,2889.8,TP,1,29.2
2025-02-19,14:30:00,2025-02-19,17:30:00,Wednesday,17:30:00,LONG,2957.4,2936.9,2977.9,SL,-1,-20.5
2025-02-18,20:30:00,2025-02-19,21:30:00,Wednesday,21:30:00,LONG,2946.0,2922.6,2969.4,SL,-1,-23.4
2025-02-20,11:30:00,2025-02-20,12:30:00,Thursday,12:30:00,LONG,2963.5,2957.8,2969.2,SL,-1,-5.7
2025-02-21,10:30:00,2025-02-21,10:30:00,Friday,10:30:00,SHORT,2940.0,2946.8,2933.2,SL,-1,-6.8
2025-02-24,19:30:00,2025-02-24,19:30:00,Monday,19:30:00,LONG,2971.3,2947.0,2995.6,SL,-1,-24.3
2025-02-25,04:30:00,2025-02-25,04:30:00,Tuesday,04:30:00,LONG,2969.5,2965.0,2974.0,SL,-1,-4.5
2025-02-26,12:30:00,2025-02-26,12:30:00,Wednesday,12:30:00,SHORT,2919.5,2929.1,2909.9,SL,-1,-9.6
2025-02-26,19:30:00,2025-02-26,19:30:00,Wednesday,19:30:00,SHORT,2918.7,2929.0,2908.4,TP,1,10.3
2025-02-27,09:30:00,2025-02-27,09:30:00,Thursday,09:30:00,SHORT,2918.1,2922.4,2913.8,TP,1,4.3
2025-02-28,01:30:00,2025-02-28,08:30:00,Friday,08:30:00,SHORT,2887.8,2899.2,2876.4,TP,1,11.4
2025-02-25,21:30:00,2025-02-28,19:30:00,Friday,19:30:00,SHORT,2898.5,2948.8,2848.2,TP,1,50.3
2025-03-04,10:30:00,2025-03-04,11:30:00,Tuesday,11:30:00,LONG,2902.9,2896.3,2909.5,SL,-1,-6.6
2025-03-03,21:30:00,2025-03-04,13:30:00,Tuesday,13:30:00,LONG,2901.4,2884.7,2918.1,TP,1,16.7
2025-03-04,02:30:00,2025-03-04,13:30:00,Tuesday,13:30:00,LONG,2902.1,2887.8,2916.4,TP,1,14.3
2025-03-04,13:30:00,2025-03-04,13:30:00,Tuesday,13:30:00,LONG,2910.8,2897.1,2924.5,TP,1,13.7
2025-03-05,01:30:00,2025-03-05,06:30:00,Wednesday,06:30:00,LONG,2927.3,2921.5,2933.1,SL,-1,-5.8
2025-03-04,22:30:00,2025-03-05,07:30:00,Wednesday,07:30:00,LONG,2926.5,2914.0,2939.0,SL,-1,-12.5
2025-03-05,14:30:00,2025-03-05,14:30:00,Wednesday,14:30:00,LONG,2932.3,2927.0,2937.6,SL,-1,-5.3
2025-03-06,14:30:00,2025-03-06,19:30:00,Thursday,19:30:00,SHORT,2908.2,2919.0,2897.4,SL,-1,-10.8
2025-03-07,20:30:00,2025-03-10,13:30:00,Monday,13:30:00,LONG,2937.4,2909.2,2965.6,SL,-1,-28.2
2025-03-10,14:30:00,2025-03-10,14:30:00,Monday,14:30:00,SHORT,2904.1,2917.3,2890.9,SL,-1,-13.2
2025-03-10,22:30:00,2025-03-10,22:30:00,Monday,22:30:00,SHORT,2901.6,2913.8,2889.4,TP,1,12.2
2025-03-11,15:30:00,2025-03-11,17:30:00,Tuesday,17:30:00,LONG,2917.8,2913.3,2922.3,TP,1,4.5
2025-03-12,14:30:00,2025-03-12,15:30:00,Wednesday,15:30:00,LONG,2927.7,2919.2,2936.2,SL,-1,-8.5
2025-03-12,20:30:00,2025-03-12,21:30:00,Wednesday,21:30:00,LONG,2929.9,2919.9,2939.9,TP,1,10.0
2025-03-13,14:30:00,2025-03-13,19:30:00,Thursday,19:30:00,LONG,2954.7,2944.4,2965.0,TP,1,10.3
2025-03-17,15:30:00,2025-03-17,17:30:00,Monday,17:30:00,LONG,3004.2,2995.0,3013.4,SL,-1,-9.2
2025-03-18,01:30:00,2025-03-18,05:30:00,Tuesday,05:30:00,LONG,3009.1,3006.2,3012.0,TP,1,2.9
2025-03-18,06:30:00,2025-03-18,06:30:00,Tuesday,06:30:00,LONG,3013.3,3008.8,3017.8,SL,-1,-4.5
2025-03-19,08:30:00,2025-03-19,10:30:00,Wednesday,10:30:00,LONG,3041.8,3036.3,3047.3,TP,1,5.5
2025-03-20,09:30:00,2025-03-20,09:30:00,Thursday,09:30:00,LONG,3058.5,3054.2,3062.8,TP,1,4.3
2025-03-20,00:30:00,2025-03-20,15:30:00,Thursday,15:30:00,LONG,3058.2,3037.5,3078.9,SL,-1,-20.7
2025-03-21,09:30:00,2025-03-21,10:30:00,Friday,10:30:00,SHORT,3037.8,3043.4,3032.2,TP,1,5.6
2025-03-25,05:30:00,2025-03-25,05:30:00,Tuesday,05:30:00,SHORT,3013.8,3016.6,3011.0,SL,-1,-2.8
2025-03-24,22:30:00,2025-03-25,09:30:00,Tuesday,09:30:00,SHORT,3013.5,3020.6,3006.4,SL,-1,-7.1
2025-03-24,20:30:00,2025-03-25,15:30:00,Tuesday,15:30:00,SHORT,3012.7,3028.6,2996.8,SL,-1,-15.9
2025-03-25,19:30:00,2025-03-25,20:30:00,Tuesday,20:30:00,LONG,3037.0,3025.7,3048.3,SL,-1,-11.3
2025-03-21,19:30:00,2025-03-27,12:30:00,Thursday,12:30:00,SHORT,3008.6,3044.1,2973.1,SL,-1,-35.5
2025-03-27,12:30:00,2025-03-27,12:30:00,Thursday,12:30:00,LONG,3039.7,3034.2,3045.2,TP,1,5.5
2025-03-27,08:30:00,2025-03-27,13:30:00,Thursday,13:30:00,LONG,3038.0,3028.2,3047.8,TP,1,9.8
2025-04-01,00:30:00,2025-04-01,20:30:00,Tuesday,20:30:00,LONG,3157.0,3125.9,3188.1,SL,-1,-31.1
2025-04-03,15:30:00,2025-04-03,15:30:00,Thursday,15:30:00,SHORT,3125.9,3151.9,3099.9,TP,1,26.0
2025-04-04,13:30:00,2025-04-04,15:30:00,Friday,15:30:00,SHORT,3089.5,3124.9,3054.1,SL,-1,-35.4
2025-04-04,18:30:00,2025-04-07,03:30:00,Monday,03:30:00,SHORT,3065.5,3134.3,2996.7,TP,1,68.8
2025-04-09,00:30:00,2025-04-09,00:30:00,Wednesday,00:30:00,SHORT,2993.6,3007.4,2979.8,TP,1,13.8
2025-04-09,04:30:00,2025-04-09,04:30:00,Wednesday,04:30:00,SHORT,2993.3,3000.6,2986.0,TP,1,7.3
2025-04-07,20:30:00,2025-04-09,11:30:00,Wednesday,11:30:00,SHORT,2990.0,3056.3,2923.7,SL,-1,-66.3
2025-04-09,12:30:00,2025-04-09,17:30:00,Wednesday,17:30:00,LONG,3058.8,3026.2,3091.4,TP,1,32.6
2025-04-10,05:30:00,2025-04-10,07:30:00,Thursday,07:30:00,LONG,3103.2,3072.2,3134.2,TP,1,31.0
2025-04-14,07:30:00,2025-04-14,07:30:00,Monday,07:30:00,LONG,3259.8,3231.8,3287.8,SL,-1,-28.0
2025-04-16,04:30:00,2025-04-16,05:30:00,Wednesday,05:30:00,LONG,3257.9,3245.2,3270.6,TP,1,12.7
2025-04-17,08:30:00,2025-04-17,12:30:00,Thursday,12:30:00,LONG,3352.5,3333.5,3371.5,SL,-1,-19.0
2025-04-21,05:30:00,2025-04-21,05:30:00,Monday,05:30:00,LONG,3366.7,3357.7,3375.7,TP,1,9.0
2025-04-23,00:30:00,2025-04-23,03:30:00,Wednesday,03:30:00,SHORT,3384.5,3414.8,3354.2,TP,1,30.3
2025-04-23,08:30:00,2025-04-23,10:30:00,Wednesday,10:30:00,SHORT,3357.9,3389.6,3326.2,TP,1,31.7
2025-04-23,17:30:00,2025-04-23,18:30:00,Wednesday,18:30:00,SHORT,3332.8,3351.7,3313.9,TP,1,18.9
2025-04-25,16:30:00,2025-04-25,18:30:00,Friday,18:30:00,SHORT,3302.0,3317.0,3287.0,TP,1,15.0
2025-04-28,15:30:00,2025-04-28,15:30:00,Monday,15:30:00,SHORT,3284.2,3298.1,3270.3,SL,-1,-13.9
2025-04-28,20:30:00,2025-04-30,13:30:00,Wednesday,13:30:00,LONG,3344.9,3303.3,3386.5,SL,-1,-41.6
2025-04-30,14:30:00,2025-04-30,18:30:00,Wednesday,18:30:00,SHORT,3289.5,3317.1,3261.9,SL,-1,-27.6
2025-05-01,04:30:00,2025-05-01,05:30:00,Thursday,05:30:00,SHORT,3280.0,3300.6,3259.4,TP,1,20.6
2025-05-05,14:30:00,2025-05-05,14:30:00,Monday,14:30:00,LONG,3291.3,3271.2,3311.4,TP,1,20.1
2025-05-08,07:30:00,2025-05-08,10:30:00,Thursday,10:30:00,LONG,3417.0,3385.5,3448.5,SL,-1,-31.5
2025-05-08,11:30:00,2025-05-08,11:30:00,Thursday,11:30:00,SHORT,3360.3,3390.7,3329.9,TP,1,30.4
2025-05-08,21:30:00,2025-05-09,00:30:00,Friday,00:30:00,SHORT,3332.0,3366.0,3298.0,TP,1,34.0
2025-05-09,05:30:00,2025-05-09,06:30:00,Friday,06:30:00,SHORT,3317.0,3329.0,3305.0,TP,1,12.0
2025-05-09,07:30:00,2025-05-09,09:30:00,Friday,09:30:00,SHORT,3290.6,3327.5,3253.7,SL,-1,-36.9
2025-05-12,06:30:00,2025-05-12,12:30:00,Monday,12:30:00,SHORT,3275.2,3295.5,3254.9,TP,1,20.3
2025-05-13,19:30:00,2025-05-13,19:30:00,Tuesday,19:30:00,SHORT,3231.4,3251.4,3211.4,SL,-1,-20.0
2025-05-14,08:30:00,2025-05-14,13:30:00,Wednesday,13:30:00,SHORT,3232.6,3245.8,3219.4,SL,-1,-13.2
2025-05-14,17:30:00,2025-05-14,17:30:00,Wednesday,17:30:00,SHORT,3223.0,3243.3,3202.7,TP,1,20.3
2025-05-15,20:30:00,2025-05-15,22:30:00,Thursday,22:30:00,LONG,3210.5,3193.5,3227.5,TP,1,17.0
2025-05-16,16:30:00,2025-05-19,03:30:00,Monday,03:30:00,SHORT,3171.8,3214.0,3129.6,SL,-1,-42.2
2025-05-19,04:30:00,2025-05-19,08:30:00,Monday,08:30:00,LONG,3243.9,3212.2,3275.6,SL,-1,-31.7
2025-05-19,14:30:00,2025-05-19,17:30:00,Monday,17:30:00,LONG,3248.8,3232.3,3265.3,SL,-1,-16.5
2025-05-20,08:30:00,2025-05-20,12:30:00,Tuesday,12:30:00,SHORT,3209.4,3226.3,3192.5,SL,-1,-16.9
2025-05-20,17:30:00,2025-05-20,17:30:00,Tuesday,17:30:00,LONG,3244.2,3237.3,3251.1,TP,1,6.9
2025-05-21,23:30:00,2025-05-22,06:30:00,Thursday,06:30:00,LONG,3318.9,3304.9,3332.9,TP,1,14.0
2025-05-22,16:30:00,2025-05-22,16:30:00,Thursday,16:30:00,SHORT,3288.5,3308.3,3268.7,SL,-1,-19.8
2025-05-22,19:30:00,2025-05-23,09:30:00,Friday,09:30:00,SHORT,3285.8,3316.0,3255.6,SL,-1,-30.2
2025-05-23,11:30:00,2025-05-23,16:30:00,Friday,16:30:00,LONG,3325.4,3311.9,3338.9,TP,1,13.5
2025-05-27,11:30:00,2025-05-27,12:30:00,Tuesday,12:30:00,SHORT,3315.0,3331.8,3298.2,TP,1,16.8
2025-05-28,14:30:00,2025-05-28,15:30:00,Wednesday,15:30:00,LONG,3322.3,3313.7,3330.9,SL,-1,-8.6
2025-05-28,21:30:00,2025-05-29,01:30:00,Thursday,01:30:00,SHORT,3291.1,3301.5,3280.7,TP,1,10.4
2025-05-29,03:30:00,2025-05-29,04:30:00,Thursday,04:30:00,SHORT,3273.5,3295.1,3251.9,TP,1,21.6
2025-05-29,13:30:00,2025-05-29,21:30:00,Thursday,21:30:00,LONG,3311.7,3268.6,3354.8,TP,1,43.1
2025-05-29,16:30:00,2025-05-30,18:30:00,Friday,18:30:00,LONG,3325.2,3280.1,3370.3,SL,-1,-45.1
2025-05-30,19:30:00,2025-06-02,03:30:00,Monday,03:30:00,SHORT,3276.8,3332.9,3220.7,SL,-1,-56.1
2025-06-02,11:30:00,2025-06-02,17:30:00,Monday,17:30:00,LONG,3350.0,3313.7,3386.3,TP,1,36.3
2025-06-04,07:30:00,2025-06-04,09:30:00,Wednesday,09:30:00,LONG,3396.7,3367.1,3426.3,SL,-1,-29.6
2025-06-04,23:30:00,2025-06-05,00:30:00,Thursday,00:30:00,LONG,3405.5,3397.3,3413.7,SL,-1,-8.2
2025-06-05,06:30:00,2025-06-05,06:30:00,Thursday,06:30:00,LONG,3405.2,3395.5,3414.9,SL,-1,-9.7
2025-06-05,15:30:00,2025-06-05,19:30:00,Thursday,19:30:00,LONG,3415.3,3375.1,3455.5,SL,-1,-40.2
2025-06-05,21:30:00,2025-06-06,09:30:00,Friday,09:30:00,SHORT,3344.0,3396.4,3291.6,SL,-1,-52.4
2025-06-06,19:30:00,2025-06-07,01:30:00,Saturday,01:30:00,SHORT,3346.8,3384.3,3309.3,TP,1,37.5
2025-06-10,09:30:00,2025-06-10,10:30:00,Tuesday,10:30:00,SHORT,3324.7,3330.2,3319.2,SL,-1,-5.5
2025-06-10,16:30:00,2025-06-10,16:30:00,Tuesday,16:30:00,LONG,3357.2,3349.2,3365.2,SL,-1,-8.0
2025-06-10,18:30:00,2025-06-10,20:30:00,Tuesday,20:30:00,LONG,3361.5,3337.1,3385.9,SL,-1,-24.4
2025-06-12,03:30:00,2025-06-12,15:30:00,Thursday,15:30:00,LONG,3376.6,3351.1,3402.1,TP,1,25.5
2025-06-12,16:30:00,2025-06-12,17:30:00,Thursday,17:30:00,LONG,3406.5,3382.5,3430.5,SL,-1,-24.0
2025-06-13,00:30:00,2025-06-13,00:30:00,Friday,00:30:00,LONG,3406.8,3402.3,3411.3,SL,-1,-4.5
2025-06-13,05:30:00,2025-06-13,05:30:00,Friday,05:30:00,LONG,3417.0,3403.0,3431.0,TP,1,14.0
2025-06-13,17:30:00,2025-06-13,17:30:00,Friday,17:30:00,LONG,3443.2,3432.7,3453.7,SL,-1,-10.5
2025-06-13,22:30:00,2025-06-16,03:30:00,Monday,03:30:00,LONG,3451.4,3439.2,3463.6,TP,1,12.2
2025-06-16,07:30:00,2025-06-16,08:30:00,Monday,08:30:00,LONG,3462.6,3453.2,3472.0,SL,-1,-9.4
2025-06-16,23:30:00,2025-06-17,04:30:00,Tuesday,04:30:00,SHORT,3410.3,3419.4,3401.2,SL,-1,-9.1
2025-06-17,14:30:00,2025-06-17,15:30:00,Tuesday,15:30:00,SHORT,3396.0,3407.0,3385.0,SL,-1,-11.0
2025-06-19,01:30:00,2025-06-19,05:30:00,Thursday,05:30:00,SHORT,3380.5,3397.5,3363.5,SL,-1,-17.0
2025-06-19,11:30:00,2025-06-19,15:30:00,Thursday,15:30:00,SHORT,3376.9,3392.7,3361.1,SL,-1,-15.8
2025-06-20,07:30:00,2025-06-20,10:30:00,Friday,10:30:00,SHORT,3372.5,3384.7,3360.3,TP,1,12.2
2025-06-20,17:30:00,2025-06-20,18:30:00,Friday,18:30:00,SHORT,3361.5,3371.7,3351.3,SL,-1,-10.2
2025-06-23,20:30:00,2025-06-24,01:30:00,Tuesday,01:30:00,LONG,3402.6,3384.9,3420.3,SL,-1,-17.7
2025-06-24,05:30:00,2025-06-24,08:30:00,Tuesday,08:30:00,SHORT,3355.5,3372.4,3338.6,SL,-1,-16.9
2025-06-24,10:30:00,2025-06-24,10:30:00,Tuesday,10:30:00,SHORT,3361.2,3367.9,3354.5,TP,1,6.7
2025-06-26,13:30:00,2025-06-26,14:30:00,Thursday,14:30:00,LONG,3360.4,3353.0,3367.8,SL,-1,-7.4
2025-06-27,05:30:00,2025-06-27,07:30:00,Friday,07:30:00,SHORT,3329.2,3336.8,3321.6,TP,1,7.6
2025-06-30,22:30:00,2025-07-01,00:30:00,Tuesday,00:30:00,LONG,3309.6,3301.2,3318.0,TP,1,8.4
2025-07-01,00:30:00,2025-07-01,00:30:00,Tuesday,00:30:00,LONG,3311.8,3304.3,3319.3,TP,1,7.5
2025-07-02,03:30:00,2025-07-02,03:30:00,Wednesday,03:30:00,LONG,3352.2,3348.2,3356.2,SL,-1,-4.0
2025-07-02,16:30:00,2025-07-02,16:30:00,Wednesday,16:30:00,LONG,3356.7,3350.9,3362.5,SL,-1,-5.8
2025-07-02,22:30:00,2025-07-03,00:30:00,Thursday,00:30:00,LONG,3360.3,3351.4,3369.2,TP,1,8.9
2025-07-03,21:00:00,2025-07-03,22:00:00,Thursday,22:00:00,SHORT,3333.2,3344.5,3321.9,SL,-1,-11.3
2025-07-07,05:30:00,2025-07-07,06:30:00,Monday,06:30:00,SHORT,3335.2,3344.3,3326.1,TP,1,9.1
2025-07-08,00:30:00,2025-07-08,03:30:00,Tuesday,03:30:00,LONG,3345.8,3337.8,3353.8,TP,1,8.0
2025-07-08,19:30:00,2025-07-08,19:30:00,Tuesday,19:30:00,SHORT,3323.5,3338.1,3308.9,TP,1,14.6
2025-07-09,07:30:00,2025-07-09,07:30:00,Wednesday,07:30:00,SHORT,3308.0,3316.1,3299.9,TP,1,8.1
2025-07-10,12:30:00,2025-07-10,12:30:00,Thursday,12:30:00,LONG,3336.9,3329.0,3344.8,SL,-1,-7.9
2025-07-10,10:30:00,2025-07-10,13:30:00,Thursday,13:30:00,LONG,3330.9,3323.5,3338.3,TP,1,7.4
2025-07-11,07:30:00,2025-07-11,10:30:00,Friday,10:30:00,LONG,3344.4,3335.9,3352.9,TP,1,8.5
2025-07-11,15:30:00,2025-07-11,15:30:00,Friday,15:30:00,LONG,3350.9,3342.3,3359.5,TP,1,8.6
2025-07-11,13:30:00,2025-07-11,17:30:00,Friday,17:30:00,LONG,3352.7,3341.8,3363.6,TP,1,10.9
2025-07-14,11:30:00,2025-07-14,11:30:00,Monday,11:30:00,LONG,3374.5,3367.0,3382.0,TP,1,7.5
2025-07-16,19:30:00,2025-07-16,19:30:00,Wednesday,19:30:00,SHORT,3328.8,3346.5,3311.1,SL,-1,-17.7
2025-07-15,21:30:00,2025-07-16,20:30:00,Wednesday,20:30:00,SHORT,3332.5,3357.8,3307.2,SL,-1,-25.3
2025-07-16,23:30:00,2025-07-17,00:30:00,Thursday,00:30:00,LONG,3364.5,3355.7,3373.3,SL,-1,-8.8
2025-07-17,14:30:00,2025-07-17,14:30:00,Thursday,14:30:00,SHORT,3331.1,3337.6,3324.6,SL,-1,-6.5
2025-07-18,16:30:00,2025-07-18,16:30:00,Friday,16:30:00,LONG,3358.6,3353.7,3363.5,TP,1,4.9
2025-07-18,13:30:00,2025-07-18,17:30:00,Friday,17:30:00,LONG,3356.2,3346.6,3365.8,TP,1,9.6
2025-07-21,11:30:00,2025-07-21,17:30:00,Monday,17:30:00,LONG,3376.9,3363.7,3390.1,TP,1,13.2
2025-07-22,18:30:00,2025-07-22,19:30:00,Tuesday,19:30:00,LONG,3419.8,3400.7,3438.9,TP,1,19.1
2025-07-23,12:30:00,2025-07-23,14:30:00,Wednesday,14:30:00,LONG,3438.8,3433.2,3444.4,TP,1,5.6
2025-07-23,14:30:00,2025-07-23,15:30:00,Wednesday,15:30:00,LONG,3440.8,3434.1,3447.5,SL,-1,-6.7
2025-07-23,21:30:00,2025-07-24,07:30:00,Thursday,07:30:00,SHORT,3406.3,3425.8,3386.8,TP,1,19.5
2025-07-24,21:30:00,2025-07-24,22:30:00,Thursday,22:30:00,SHORT,3374.0,3378.9,3369.1,TP,1,4.9
2025-07-25,03:30:00,2025-07-25,05:30:00,Friday,05:30:00,SHORT,3370.7,3374.7,3366.7,SL,-1,-4.0
2025-07-25,08:30:00,2025-07-25,12:30:00,Friday,12:30:00,SHORT,3364.1,3372.5,3355.7,TP,1,8.4
2025-07-28,13:30:00,2025-07-28,18:30:00,Monday,18:30:00,SHORT,3333.4,3341.9,3324.9,TP,1,8.5
2025-07-28,18:30:00,2025-07-28,18:30:00,Monday,18:30:00,SHORT,3325.0,3338.1,3311.9,TP,1,13.1
2025-07-29,09:30:00,2025-07-29,10:30:00,Tuesday,10:30:00,SHORT,3309.3,3317.1,3301.5,SL,-1,-7.8
2025-07-30,13:30:00,2025-07-30,16:30:00,Wednesday,16:30:00,LONG,3386.4,3322.8,3450.0,SL,-1,-63.6
2025-08-05,16:30:00,2025-08-05,17:30:00,Tuesday,17:30:00,SHORT,3355.5,3416.0,3295.0,SL,-1,-60.5
2025-08-07,06:30:00,2025-08-07,12:30:00,Thursday,12:30:00,LONG,3445.0,3432.6,3457.4,TP,1,12.4
2025-08-01,18:30:00,2025-08-08,03:30:00,Friday,03:30:00,LONG,3398.6,3295.2,3502.0,TP,1,103.4
2025-08-05,20:30:00,2025-08-08,03:30:00,Friday,03:30:00,LONG,3440.9,3375.7,3506.1,TP,1,65.2
2025-08-08,01:30:00,2025-08-08,03:30:00,Friday,03:30:00,LONG,3468.0,3451.1,3484.9,TP,1,16.9
2025-08-11,09:30:00,2025-08-11,11:30:00,Monday,11:30:00,SHORT,3436.8,3443.8,3429.8,TP,1,7.0
2025-08-12,15:30:00,2025-08-12,16:30:00,Tuesday,16:30:00,SHORT,3393.6,3401.2,3386.0,TP,1,7.6
2025-08-13,15:30:00,2025-08-13,17:30:00,Wednesday,17:30:00,LONG,3416.8,3407.6,3426.0,SL,-1,-9.2
2025-08-14,19:30:00,2025-08-14,21:30:00,Thursday,21:30:00,SHORT,3391.9,3404.6,3379.2,TP,1,12.7
2025-08-14,13:30:00,2025-08-18,04:30:00,Monday,04:30:00,SHORT,3392.1,3415.0,3369.2,TP,1,22.9
2025-08-18,10:30:00,2025-08-18,10:30:00,Monday,10:30:00,LONG,3403.4,3392.7,3414.1,SL,-1,-10.7
2025-08-19,00:30:00,2025-08-19,03:30:00,Tuesday,03:30:00,SHORT,3376.9,3379.5,3374.3,SL,-1,-2.6
2025-08-18,20:30:00,2025-08-19,05:30:00,Tuesday,05:30:00,SHORT,3377.7,3384.5,3370.9,TP,1,6.8
2025-08-19,05:30:00,2025-08-19,05:30:00,Tuesday,05:30:00,SHORT,3375.6,3379.9,3371.3,SL,-1,-4.3
2025-08-19,21:30:00,2025-08-19,22:30:00,Tuesday,22:30:00,SHORT,3365.2,3370.9,3359.5,TP,1,5.7
2025-08-20,17:30:00,2025-08-20,17:30:00,Wednesday,17:30:00,LONG,3376.5,3369.0,3384.0,TP,1,7.5
2025-08-21,16:30:00,2025-08-21,17:30:00,Thursday,17:30:00,SHORT,3369.9,3384.4,3355.4,SL,-1,-14.5
2025-08-22,10:30:00,2025-08-22,12:30:00,Friday,12:30:00,SHORT,3370.9,3375.8,3366.0,SL,-1,-4.9
2025-08-22,17:30:00,2025-08-22,17:30:00,Friday,17:30:00,SHORT,3369.1,3373.0,3365.2,TP,1,3.9
2025-08-25,12:30:00,2025-08-25,13:30:00,Monday,13:30:00,LONG,3414.0,3408.6,3419.4,SL,-1,-5.4
2025-08-25,08:30:00,2025-08-25,16:30:00,Monday,16:30:00,LONG,3410.2,3405.6,3414.8,TP,1,4.6
2025-08-25,20:30:00,2025-08-26,00:30:00,Tuesday,00:30:00,LONG,3420.0,3413.8,3426.2,SL,-1,-6.2
2025-08-26,05:30:00,2025-08-26,05:30:00,Tuesday,05:30:00,SHORT,3396.5,3408.2,3384.8,SL,-1,-11.7
2025-08-27,00:30:00,2025-08-27,01:30:00,Wednesday,01:30:00,LONG,3434.1,3428.5,3439.7,TP,1,5.6
2025-08-28,00:30:00,2025-08-28,06:30:00,Thursday,06:30:00,LONG,3449.5,3445.0,3454.0,SL,-1,-4.5
2025-08-28,13:30:00,2025-08-28,13:30:00,Thursday,13:30:00,LONG,3452.8,3448.6,3457.0,TP,1,4.2
2025-08-22,20:30:00,2025-08-28,19:30:00,Thursday,19:30:00,LONG,3422.3,3376.1,3468.5,TP,1,46.2
2025-08-29,18:30:00,2025-08-29,18:30:00,Friday,18:30:00,LONG,3476.2,3464.1,3488.3,TP,1,12.1
2025-09-04,08:30:00,2025-09-04,17:30:00,Thursday,17:30:00,SHORT,3584.0,3609.1,3558.9,SL,-1,-25.1
2025-09-05,09:30:00,2025-09-05,12:30:00,Friday,12:30:00,LONG,3618.5,3608.2,3628.8,SL,-1,-10.3
2025-09-08,13:30:00,2025-09-08,18:30:00,Monday,18:30:00,LONG,3654.3,3636.0,3672.6,TP,1,18.3
2025-09-05,18:30:00,2025-09-08,20:30:00,Monday,20:30:00,LONG,3644.9,3604.3,3685.5,TP,1,40.6
2025-09-09,19:30:00,2025-09-09,19:30:00,Tuesday,19:30:00,LONG,3708.0,3684.9,3731.1,SL,-1,-23.1
2025-09-10,03:30:00,2025-09-10,03:30:00,Wednesday,03:30:00,SHORT,3663.7,3671.3,3656.1,TP,1,7.6
2025-09-10,06:30:00,2025-09-10,07:30:00,Wednesday,07:30:00,SHORT,3658.7,3671.7,3645.7,SL,-1,-13.0
2025-09-10,15:30:00,2025-09-10,17:30:00,Wednesday,17:30:00,LONG,3694.6,3683.2,3706.0,SL,-1,-11.4
2025-09-11,10:30:00,2025-09-11,10:30:00,Thursday,10:30:00,SHORT,3667.5,3672.2,3662.8,TP,1,4.7
2025-09-11,14:30:00,2025-09-11,14:30:00,Thursday,14:30:00,SHORT,3663.7,3669.5,3657.9,TP,1,5.8
2025-09-12,07:30:00,2025-09-15,04:30:00,Monday,04:30:00,LONG,3686.3,3673.9,3698.7,SL,-1,-12.4
2025-09-15,06:30:00,2025-09-15,07:30:00,Monday,07:30:00,SHORT,3669.1,3679.5,3658.7,SL,-1,-10.4
2025-09-15,20:30:00,2025-09-15,20:30:00,Monday,20:30:00,LONG,3701.8,3691.2,3712.4,TP,1,10.6
2025-09-16,19:30:00,2025-09-16,19:30:00,Tuesday,19:30:00,LONG,3735.9,3722.1,3749.7,SL,-1,-13.8
2025-09-17,13:30:00,2025-09-17,17:30:00,Wednesday,17:30:00,SHORT,3702.8,3714.3,3691.3,SL,-1,-11.5
2025-09-18,03:30:00,2025-09-18,03:30:00,Thursday,03:30:00,SHORT,3690.7,3696.3,3685.1,SL,-1,-5.6
2025-09-18,10:30:00,2025-09-18,10:30:00,Thursday,10:30:00,SHORT,3688.0,3693.7,3682.3,SL,-1,-5.7
2025-09-19,04:30:00,2025-09-19,06:30:00,Friday,06:30:00,SHORT,3672.6,3678.2,3667.0,TP,1,5.6
2025-09-19,22:30:00,2025-09-19,22:30:00,Friday,22:30:00,LONG,3706.7,3699.8,3713.6,TP,1,6.9
2025-09-24,21:30:00,2025-09-25,00:30:00,Thursday,00:30:00,SHORT,3772.6,3790.0,3755.2,TP,1,17.4
2025-09-25,07:30:00,2025-09-25,12:30:00,Thursday,12:30:00,SHORT,3763.9,3781.4,3746.4,SL,-1,-17.5
2025-09-26,19:30:00,2025-09-26,19:30:00,Friday,19:30:00,LONG,3797.2,3781.2,3813.2,TP,1,16.0
2025-09-29,06:30:00,2025-09-29,10:30:00,Monday,10:30:00,LONG,3816.4,3792.9,3839.9,TP,1,23.5
2025-09-29,08:30:00,2025-09-29,13:30:00,Monday,13:30:00,LONG,3827.8,3806.3,3849.3,TP,1,21.5
2025-10-01,01:30:00,2025-10-01,07:30:00,Wednesday,07:30:00,LONG,3888.7,3875.2,3902.2,TP,1,13.5
2025-10-01,10:30:00,2025-10-01,11:30:00,Wednesday,11:30:00,LONG,3892.8,3885.3,3900.3,SL,-1,-7.5
2025-10-01,13:30:00,2025-10-01,19:30:00,Wednesday,19:30:00,LONG,3908.3,3886.6,3930.0,SL,-1,-21.7
2025-10-02,15:30:00,2025-10-02,17:30:00,Thursday,17:30:00,LONG,3905.1,3898.1,3912.1,TP,1,7.0
2025-10-02,20:30:00,2025-10-03,18:30:00,Friday,18:30:00,SHORT,3849.1,3901.5,3796.7,SL,-1,-52.4
2025-10-03,20:30:00,2025-10-06,09:30:00,Monday,09:30:00,LONG,3912.5,3890.7,3934.3,TP,1,21.8
2025-10-07,17:30:00,2025-10-07,18:30:00,Tuesday,18:30:00,LONG,3992.1,3979.2,4005.0,TP,1,12.9
2025-10-08,01:30:00,2025-10-08,03:30:00,Wednesday,03:30:00,LONG,4006.1,4001.2,4011.0,TP,1,4.9
2025-10-09,18:30:00,2025-10-09,18:30:00,Thursday,18:30:00,LONG,4073.5,4056.3,4090.7,SL,-1,-17.2
2025-10-10,09:30:00,2025-10-10,13:30:00,Friday,13:30:00,SHORT,3975.0,3993.1,3956.9,SL,-1,-18.1
2025-10-10,12:30:00,2025-10-10,13:30:00,Friday,13:30:00,SHORT,3977.7,3991.7,3963.7,SL,-1,-14.0
2025-10-09,22:30:00,2025-10-10,20:30:00,Friday,20:30:00,SHORT,3976.9,4037.9,3915.9,SL,-1,-61.0
2025-10-13,04:30:00,2025-10-13,19:30:00,Monday,19:30:00,LONG,4059.7,4000.4,4119.0,TP,1,59.3
2025-10-15,04:30:00,2025-10-15,06:30:00,Wednesday,06:30:00,LONG,4180.5,4157.3,4203.7,TP,1,23.2
2025-10-15,23:30:00,2025-10-16,05:30:00,Thursday,05:30:00,LONG,4216.2,4198.2,4234.2,TP,1,18.0
2025-10-16,13:30:00,2025-10-16,15:30:00,Thursday,15:30:00,LONG,4248.0,4236.2,4259.8,TP,1,11.8
2025-10-17,21:30:00,2025-10-17,21:30:00,Friday,21:30:00,SHORT,4244.2,4273.7,4214.7,TP,1,29.5
2025-10-18,01:30:00,2025-10-18,01:30:00,Saturday,01:30:00,SHORT,4225.0,4252.0,4198.0,SL,-1,-27.0
2025-10-20,20:30:00,2025-10-21,00:30:00,Tuesday,00:30:00,LONG,4351.2,4308.3,4394.1,TP,1,42.9
2025-10-21,15:30:00,2025-10-21,17:30:00,Tuesday,17:30:00,SHORT,4267.9,4291.4,4244.4,TP,1,23.5
2025-10-22,15:30:00,2025-10-22,15:30:00,Wednesday,15:30:00,SHORT,4076.3,4116.5,4036.1,TP,1,40.2
2025-10-23,19:30:00,2025-10-23,22:30:00,Thursday,22:30:00,LONG,4167.5,4141.1,4193.9,SL,-1,-26.4
2025-10-24,13:30:00,2025-10-24,18:30:00,Friday,18:30:00,SHORT,4083.1,4111.7,4054.5,SL,-1,-28.6
2025-10-27,05:30:00,2025-10-27,06:30:00,Monday,06:30:00,SHORT,4075.4,4102.9,4047.9,SL,-1,-27.5
2025-10-27,15:30:00,2025-10-27,18:30:00,Monday,18:30:00,SHORT,4042.7,4063.2,4022.2,SL,-1,-20.5
2025-10-27,19:30:00,2025-10-27,20:30:00,Monday,20:30:00,SHORT,4026.9,4064.8,3989.0,TP,1,37.9
2025-10-28,09:30:00,2025-10-28,09:30:00,Tuesday,09:30:00,SHORT,3997.3,4008.9,3985.7,TP,1,11.6
2025-10-29,13:30:00,2025-10-29,14:30:00,Wednesday,14:30:00,LONG,4014.8,3988.7,4040.9,TP,1,26.1
2025-10-30,03:30:00,2025-10-30,05:30:00,Thursday,05:30:00,SHORT,3940.5,3967.8,3913.2,SL,-1,-27.3
2025-10-30,08:30:00,2025-10-30,09:30:00,Thursday,09:30:00,SHORT,3934.2,3960.8,3907.6,SL,-1,-26.6
2025-10-31,00:30:00,2025-10-31,03:30:00,Friday,03:30:00,LONG,4030.5,4013.3,4047.7,TP,1,17.2
2025-11-04,07:30:00,2025-11-04,08:30:00,Tuesday,08:30:00,SHORT,3988.7,4004.3,3973.1,SL,-1,-15.6
2025-11-04,11:30:00,2025-11-04,11:30:00,Tuesday,11:30:00,SHORT,3980.9,3996.3,3965.5,SL,-1,-15.4
2025-11-04,19:30:00,2025-11-04,19:30:00,Tuesday,19:30:00,SHORT,3981.9,4006.8,3957.0,TP,1,24.9
2025-11-04,23:30:00,2025-11-04,23:30:00,Tuesday,23:30:00,SHORT,3962.1,3981.2,3943.0,TP,1,19.1
2025-11-06,01:30:00,2025-11-06,02:30:00,Thursday,02:30:00,LONG,3998.9,3988.7,4009.1,SL,-1,-10.2
2025-11-06,12:30:00,2025-11-06,12:30:00,Thursday,12:30:00,LONG,4002.3,3990.7,4013.9,TP,1,11.6
2025-11-07,14:30:00,2025-11-07,15:30:00,Friday,15:30:00,LONG,4018.7,4011.2,4026.2,SL,-1,-7.5
2025-11-10,06:30:00,2025-11-10,06:30:00,Monday,06:30:00,LONG,4032.1,4019.2,4045.0,TP,1,12.9
2025-11-12,05:30:00,2025-11-12,06:30:00,Wednesday,06:30:00,LONG,4151.0,4132.2,4169.8,SL,-1,-18.8
2025-11-12,21:30:00,2025-11-13,13:30:00,Thursday,13:30:00,LONG,4192.3,4140.7,4243.9,TP,1,51.6
2025-11-14,17:30:00,2025-11-14,18:30:00,Friday,18:30:00,SHORT,4133.3,4172.8,4093.8,TP,1,39.5
2025-11-17,16:30:00,2025-11-17,18:30:00,Monday,18:30:00,SHORT,4069.8,4091.0,4048.6,SL,-1,-21.2
2025-11-17,21:30:00,2025-11-17,22:30:00,Monday,22:30:00,SHORT,4061.7,4078.9,4044.5,SL,-1,-17.2
2025-11-18,00:30:00,2025-11-18,00:30:00,Tuesday,00:30:00,SHORT,4063.6,4077.1,4050.1,TP,1,13.5
2025-11-18,05:30:00,2025-11-18,12:30:00,Tuesday,12:30:00,SHORT,4027.6,4055.4,3999.8,TP,1,27.8
2025-11-19,01:30:00,2025-11-19,01:30:00,Wednesday,01:30:00,LONG,4083.3,4073.2,4093.4,SL,-1,-10.1
2025-11-19,11:30:00,2025-11-19,19:30:00,Wednesday,19:30:00,LONG,4098.4,4073.9,4122.9,TP,1,24.5
2025-11-19,15:30:00,2025-11-19,21:30:00,Wednesday,21:30:00,LONG,4117.7,4081.1,4154.3,SL,-1,-36.6
2025-11-21,12:30:00,2025-11-21,17:30:00,Friday,17:30:00,SHORT,4026.0,4063.4,3988.6,SL,-1,-37.4
2025-11-21,22:30:00,2025-11-22,01:30:00,Saturday,01:30:00,LONG,4100.6,4061.8,4139.4,SL,-1,-38.8
2025-11-24,21:30:00,2025-11-24,23:30:00,Monday,23:30:00,LONG,4092.6,4078.9,4106.3,TP,1,13.7
2025-11-25,15:30:00,2025-11-25,19:30:00,Tuesday,19:30:00,LONG,4164.9,4111.0,4218.8,SL,-1,-53.9
2025-11-26,08:30:00,2025-11-26,11:30:00,Wednesday,11:30:00,LONG,4201.8,4144.9,4258.7,SL,-1,-56.9
2025-11-26,17:30:00,2025-11-26,17:30:00,Wednesday,17:30:00,LONG,4208.6,4154.8,4262.4,SL,-1,-53.8
2025-11-28,22:00:00,2025-12-01,15:30:00,Monday,15:30:00,LONG,4239.5,4185.1,4293.9,TP,1,54.4
2025-12-02,15:30:00,2025-12-02,18:30:00,Tuesday,18:30:00,SHORT,4188.7,4244.4,4133.0,SL,-1,-55.7
2025-12-02,21:30:00,2025-12-03,06:30:00,Wednesday,06:30:00,SHORT,4181.5,4252.0,4111.0,SL,-1,-70.5
2025-12-03,19:30:00,2025-12-03,19:30:00,Wednesday,19:30:00,LONG,4270.1,4233.1,4307.1,SL,-1,-37.0
2025-12-05,11:30:00,2025-12-05,12:30:00,Friday,12:30:00,LONG,4252.0,4243.6,4260.4,TP,1,8.4
2025-12-05,15:30:00,2025-12-05,18:30:00,Friday,18:30:00,LONG,4255.2,4245.8,4264.6,TP,1,9.4
2025-12-09,00:30:00,2025-12-09,00:30:00,Tuesday,00:30:00,SHORT,4213.3,4225.0,4201.6,TP,1,11.7
2025-12-09,12:30:00,2025-12-09,12:30:00,Tuesday,12:30:00,SHORT,4197.8,4212.0,4183.6,SL,-1,-14.2
2025-12-09,21:30:00,2025-12-10,18:30:00,Wednesday,18:30:00,LONG,4246.0,4198.7,4293.3,SL,-1,-47.3
2025-12-11,04:30:00,2025-12-11,05:30:00,Thursday,05:30:00,LONG,4262.4,4251.0,4273.8,TP,1,11.4
2025-12-11,20:30:00,2025-12-12,13:30:00,Friday,13:30:00,LONG,4273.4,4225.0,4321.8,TP,1,48.4
2025-12-15,07:30:00,2025-12-15,10:30:00,Monday,10:30:00,LONG,4357.8,4337.7,4377.9,TP,1,20.1
2025-12-16,08:30:00,2025-12-16,10:30:00,Tuesday,10:30:00,SHORT,4312.6,4340.0,4285.2,TP,1,27.4
2025-12-16,20:30:00,2025-12-16,21:30:00,Tuesday,21:30:00,LONG,4363.8,4341.0,4386.6,SL,-1,-22.8
2025-12-17,07:30:00,2025-12-17,08:30:00,Wednesday,08:30:00,LONG,4355.3,4339.9,4370.7,SL,-1,-15.4
2025-12-17,19:30:00,2025-12-17,21:30:00,Wednesday,21:30:00,LONG,4375.9,4345.3,4406.5,SL,-1,-30.6
2025-12-18,02:30:00,2025-12-18,04:30:00,Thursday,04:30:00,LONG,4379.0,4367.3,4390.7,SL,-1,-11.7
2025-12-17,23:30:00,2025-12-18,19:30:00,Thursday,19:30:00,LONG,4373.6,4338.0,4409.2,SL,-1,-35.6
2025-12-17,10:30:00,2025-12-18,21:30:00,Thursday,21:30:00,LONG,4361.6,4324.2,4399.0,TP,1,37.4
2025-12-19,21:30:00,2025-12-22,06:30:00,Monday,06:30:00,LONG,4382.5,4363.4,4401.6,TP,1,19.1
2025-12-22,05:30:00,2025-12-22,06:30:00,Monday,06:30:00,LONG,4386.2,4372.8,4399.6,TP,1,13.4
2025-12-24,01:30:00,2025-12-24,04:30:00,Wednesday,04:30:00,LONG,4524.6,4511.7,4537.5,TP,1,12.9
2025-12-24,05:30:00,2025-12-24,07:30:00,Wednesday,07:30:00,LONG,4540.6,4512.2,4569.0,SL,-1,-28.4
2025-12-26,14:30:00,2025-12-26,16:30:00,Friday,16:30:00,LONG,4550.7,4539.0,4562.4,SL,-1,-11.7
2025-12-26,19:30:00,2025-12-29,05:30:00,Monday,05:30:00,LONG,4560.9,4533.1,4588.7,SL,-1,-27.8
2025-12-29,12:30:00,2025-12-29,18:30:00,Monday,18:30:00,SHORT,4492.1,4530.8,4453.4,TP,1,38.7
2025-12-30,12:30:00,2025-12-30,12:30:00,Tuesday,12:30:00,SHORT,4374.8,4392.7,4356.9,SL,-1,-17.9
2025-12-31,02:30:00,2025-12-31,06:30:00,Wednesday,06:30:00,SHORT,4353.0,4370.6,4335.4,SL,-1,-17.6
2025-12-31,10:30:00,2025-12-31,10:30:00,Wednesday,10:30:00,SHORT,4342.9,4363.5,4322.3,TP,1,20.6
2026-01-02,13:30:00,2026-01-02,13:30:00,Friday,13:30:00,LONG,4395.5,4384.2,4406.8,TP,1,11.3
2026-01-02,23:30:00,2026-01-02,23:30:00,Friday,23:30:00,SHORT,4332.9,4344.5,4321.3,TP,1,11.6
2026-01-05,06:30:00,2026-01-05,11:30:00,Monday,11:30:00,LONG,4406.4,4379.3,4433.5,TP,1,27.1
2026-01-05,20:30:00,2026-01-06,10:30:00,Tuesday,10:30:00,LONG,4454.3,4428.3,4480.3,TP,1,26.0
2026-01-06,12:30:00,2026-01-06,14:30:00,Tuesday,14:30:00,LONG,4476.9,4462.4,4491.4,SL,-1,-14.5
2026-01-06,07:30:00,2026-01-06,19:30:00,Tuesday,19:30:00,LONG,4462.2,4437.9,4486.5,TP,1,24.3
2026-01-06,19:30:00,2026-01-06,19:30:00,Tuesday,19:30:00,LONG,4481.0,4464.1,4497.9,TP,1,16.9
2026-01-08,10:30:00,2026-01-08,10:30:00,Thursday,10:30:00,SHORT,4438.4,4448.7,4428.1,TP,1,10.3
2026-01-08,13:30:00,2026-01-08,17:30:00,Thursday,17:30:00,SHORT,4436.1,4448.4,4423.8,TP,1,12.3
2026-01-08,17:30:00,2026-01-08,17:30:00,Thursday,17:30:00,SHORT,4429.6,4441.6,4417.6,TP,1,12.0
2026-01-08,22:30:00,2026-01-09,00:30:00,Friday,00:30:00,LONG,4474.5,4456.2,4492.8,SL,-1,-18.3
2026-01-09,02:30:00,2026-01-09,20:30:00,Friday,20:30:00,LONG,4487.7,4460.3,4515.1,TP,1,27.4
2026-01-10,01:30:00,2026-01-10,02:30:00,Saturday,02:30:00,LONG,4511.3,4502.3,4520.3,TP,1,9.0
2026-01-09,19:30:00,2026-01-12,04:30:00,Monday,04:30:00,LONG,4500.8,4467.0,4534.6,TP,1,33.8
2026-01-13,19:30:00,2026-01-13,22:30:00,Tuesday,22:30:00,LONG,4629.3,4599.1,4659.5,SL,-1,-30.2
2026-01-14,08:30:00,2026-01-14,08:30:00,Wednesday,08:30:00,LONG,4631.5,4621.9,4641.1,SL,-1,-9.6
2026-01-14,12:30:00,2026-01-14,19:30:00,Wednesday,19:30:00,LONG,4644.6,4625.2,4664.0,SL,-1,-19.4
2026-01-15,10:30:00,2026-01-15,10:30:00,Thursday,10:30:00,SHORT,4590.7,4601.4,4580.0,SL,-1,-10.7
2026-01-20,10:30:00,2026-01-20,19:30:00,Tuesday,19:30:00,LONG,4672.3,4595.4,4749.2,TP,1,76.9
2026-01-22,00:30:00,2026-01-22,00:30:00,Thursday,00:30:00,LONG,4853.5,4822.6,4884.4,SL,-1,-30.9
2026-01-22,21:30:00,2026-01-23,00:30:00,Friday,00:30:00,LONG,4876.8,4826.4,4927.2,TP,1,50.4
2026-01-23,20:30:00,2026-01-23,21:30:00,Friday,21:30:00,LONG,4957.3,4933.5,4981.1,TP,1,23.8
2026-01-28,02:30:00,2026-01-28,12:30:00,Wednesday,12:30:00,LONG,5184.2,5096.2,5272.2,TP,1,88.0
2026-01-30,10:30:00,2026-01-30,13:30:00,Friday,13:30:00,SHORT,5222.0,5354.8,5089.2,TP,1,132.8
2026-01-30,18:30:00,2026-01-30,21:30:00,Friday,21:30:00,SHORT,5082.6,5175.6,4989.6,TP,1,93.0
2026-02-02,21:30:00,2026-02-03,04:30:00,Tuesday,04:30:00,SHORT,4638.0,4768.0,4508.0,SL,-1,-130.0
2026-02-03,17:30:00,2026-02-03,21:30:00,Tuesday,21:30:00,LONG,4941.9,4905.2,4978.6,TP,1,36.7
2026-02-03,21:30:00,2026-02-03,21:30:00,Tuesday,21:30:00,LONG,4971.2,4926.9,5015.5,TP,1,44.3
2026-02-03,13:30:00,2026-02-04,05:30:00,Wednesday,05:30:00,LONG,4956.0,4893.0,5019.0,TP,1,63.0
2026-02-04,02:30:00,2026-02-04,05:30:00,Wednesday,05:30:00,LONG,4980.0,4924.5,5035.5,TP,1,55.5
2026-02-04,21:30:00,2026-02-05,04:30:00,Thursday,04:30:00,SHORT,4909.0,5030.7,4787.3,SL,-1,-121.7
2026-02-05,15:30:00,2026-02-06,02:30:00,Friday,02:30:00,SHORT,4871.1,4937.1,4805.1,TP,1,66.0
2026-02-06,02:30:00,2026-02-06,04:30:00,Friday,04:30:00,SHORT,4814.6,4866.2,4763.0,TP,1,51.6
2026-02-06,19:30:00,2026-02-06,19:30:00,Friday,19:30:00,LONG,4961.0,4918.2,5003.8,SL,-1,-42.8
2026-02-05,08:30:00,2026-02-06,20:30:00,Friday,20:30:00,SHORT,4822.6,4982.1,4663.1,SL,-1,-159.5
2026-02-09,14:30:00,2026-02-09,14:30:00,Monday,14:30:00,LONG,5057.0,5023.9,5090.1,SL,-1,-33.1
2026-02-09,08:30:00,2026-02-09,21:30:00,Monday,21:30:00,LONG,5037.2,4989.3,5085.1,TP,1,47.9
2026-02-09,20:30:00,2026-02-09,21:30:00,Monday,21:30:00,LONG,5063.3,5023.8,5102.8,TP,1,39.5
2026-02-11,12:30:00,2026-02-11,12:30:00,Wednesday,12:30:00,LONG,5088.8,5073.6,5104.0,SL,-1,-15.2
2026-02-11,16:30:00,2026-02-11,17:30:00,Wednesday,17:30:00,LONG,5128.8,5086.0,5171.6,SL,-1,-42.8
2026-02-12,23:30:00,2026-02-13,04:30:00,Friday,04:30:00,SHORT,4959.9,5004.4,4915.4,TP,1,44.5
2026-02-14,00:30:00,2026-02-16,04:30:00,Monday,04:30:00,LONG,5058.9,5038.0,5079.8,SL,-1,-20.9
2026-02-17,14:30:00,2026-02-17,14:30:00,Tuesday,14:30:00,SHORT,4934.8,4949.4,4920.2,SL,-1,-14.6
2026-02-18,01:30:00,2026-02-18,04:30:00,Wednesday,04:30:00,SHORT,4895.2,4920.6,4869.8,TP,1,25.4
2026-02-17,19:30:00,2026-02-18,09:30:00,Wednesday,09:30:00,SHORT,4887.8,4953.0,4822.6,SL,-1,-65.2
2026-02-18,19:30:00,2026-02-18,20:30:00,Wednesday,20:30:00,LONG,4989.8,4962.9,5016.7,TP,1,26.9
2026-02-19,11:30:00,2026-02-19,11:30:00,Thursday,11:30:00,LONG,5017.6,5002.5,5032.7,TP,1,15.1
2026-02-20,14:30:00,2026-02-20,19:30:00,Friday,19:30:00,LONG,5050.6,5023.8,5077.4,TP,1,26.8
2026-02-20,19:30:00,2026-02-20,20:30:00,Friday,20:30:00,LONG,5068.7,5037.7,5099.7,SL,-1,-31.0
2026-02-23,06:30:00,2026-02-23,12:30:00,Monday,12:30:00,LONG,5188.5,5151.0,5226.0,SL,-1,-37.5
2026-02-23,20:30:00,2026-02-24,18:30:00,Tuesday,18:30:00,LONG,5221.9,5161.5,5282.3,SL,-1,-60.4
2026-02-24,19:30:00,2026-02-24,22:30:00,Tuesday,22:30:00,SHORT,5126.9,5180.1,5073.7,SL,-1,-53.2
2026-02-25,22:30:00,2026-02-26,01:30:00,Thursday,01:30:00,LONG,5233.6,5209.1,5258.1,SL,-1,-24.5
2026-02-27,20:30:00,2026-02-28,01:30:00,Saturday,01:30:00,LONG,5254.3,5230.6,5278.0,TP,1,23.7
2026-03-02,07:30:00,2026-03-02,12:30:00,Monday,12:30:00,LONG,5360.6,5315.3,5405.9,TP,1,45.3
2026-03-03,16:30:00,2026-03-03,16:30:00,Tuesday,16:30:00,SHORT,5246.1,5300.1,5192.1,TP,1,54.0
2026-03-04,01:30:00,2026-03-04,06:30:00,Wednesday,06:30:00,SHORT,5109.3,5161.5,5057.1,SL,-1,-52.2
2026-03-05,20:30:00,2026-03-05,23:30:00,Thursday,23:30:00,SHORT,5099.2,5139.2,5059.2,TP,1,40.0
2026-03-06,15:30:00,2026-03-06,18:30:00,Friday,18:30:00,SHORT,5091.4,5117.8,5065.0,SL,-1,-26.4
2026-03-06,18:30:00,2026-03-06,18:30:00,Friday,18:30:00,SHORT,5085.3,5105.8,5064.8,SL,-1,-20.5
2026-03-07,00:30:00,2026-03-09,03:30:00,Monday,03:30:00,LONG,5176.5,5147.9,5205.1,SL,-1,-28.6
2026-03-09,05:30:00,2026-03-09,10:30:00,Monday,10:30:00,SHORT,5050.0,5145.5,4954.5,SL,-1,-95.5
2026-03-10,01:30:00,2026-03-10,03:30:00,Tuesday,03:30:00,LONG,5154.7,5128.3,5181.1,SL,-1,-26.4
2026-03-10,11:30:00,2026-03-10,12:30:00,Tuesday,12:30:00,LONG,5188.2,5172.4,5204.0,SL,-1,-15.8
2026-03-10,04:30:00,2026-03-10,13:30:00,Tuesday,13:30:00,LONG,5163.0,5127.1,5198.9,TP,1,35.9
2026-03-10,18:30:00,2026-03-10,18:30:00,Tuesday,18:30:00,LONG,5198.9,5171.4,5226.4,TP,1,27.5
2026-03-11,06:30:00,2026-03-11,12:30:00,Wednesday,12:30:00,LONG,5227.0,5194.0,5260.0,SL,-1,-33.0
2026-03-10,07:30:00,2026-03-12,05:30:00,Thursday,05:30:00,LONG,5195.2,5134.0,5256.4,SL,-1,-61.2
2026-03-12,05:30:00,2026-03-12,05:30:00,Thursday,05:30:00,SHORT,5138.8,5163.9,5113.7,SL,-1,-25.1
2026-03-12,22:30:00,2026-03-12,22:30:00,Thursday,22:30:00,SHORT,5126.8,5144.3,5109.3,TP,1,17.5
2026-03-13,10:30:00,2026-03-13,11:30:00,Friday,11:30:00,SHORT,5105.5,5121.1,5089.9,TP,1,15.6
2026-03-16,04:30:00,2026-03-16,04:30:00,Monday,04:30:00,SHORT,5003.0,5029.9,4976.1,TP,1,26.9
2026-03-16,10:30:00,2026-03-16,11:30:00,Monday,11:30:00,SHORT,5016.0,5030.1,5001.9,SL,-1,-14.1
2026-03-16,12:30:00,2026-03-16,14:30:00,Monday,14:30:00,SHORT,5008.5,5039.8,4977.2,TP,1,31.3
2026-03-13,20:30:00,2026-03-18,15:30:00,Wednesday,15:30:00,SHORT,5039.3,5114.1,4964.5,TP,1,74.8
2026-03-18,16:30:00,2026-03-18,16:30:00,Wednesday,16:30:00,SHORT,4962.6,4996.4,4928.8,TP,1,33.8
2026-03-20,19:30:00,2026-03-20,20:30:00,Friday,20:30:00,SHORT,4613.1,4680.5,4545.7,TP,1,67.4
2026-03-25,04:30:00,2026-03-25,04:30:00,Wednesday,04:30:00,LONG,4492.3,4458.2,4526.4,TP,1,34.1
2026-03-25,16:30:00,2026-03-25,16:30:00,Wednesday,16:30:00,LONG,4561.3,4549.5,4573.1,TP,1,11.8
2026-03-26,11:30:00,2026-03-27,01:30:00,Friday,01:30:00,SHORT,4434.9,4518.7,4351.1,TP,1,83.8
2026-03-26,23:30:00,2026-03-27,01:30:00,Friday,01:30:00,SHORT,4372.5,4398.5,4346.5,SL,-1,-26.0
2026-03-27,20:30:00,2026-03-30,05:30:00,Monday,05:30:00,LONG,4545.5,4459.0,4632.0,SL,-1,-86.5
2026-03-30,11:30:00,2026-03-30,16:30:00,Monday,16:30:00,LONG,4557.4,4526.6,4588.2,TP,1,30.8
2026-03-31,19:30:00,2026-03-31,21:30:00,Tuesday,21:30:00,LONG,4640.0,4597.8,4682.2,TP,1,42.2
2026-04-02,10:30:00,2026-04-02,10:30:00,Thursday,10:30:00,SHORT,4683.8,4708.6,4659.0,TP,1,24.8
2026-04-02,14:30:00,2026-04-02,18:30:00,Thursday,18:30:00,SHORT,4641.6,4674.5,4608.7,TP,1,32.9
2026-04-06,05:30:00,2026-04-06,07:30:00,Monday,07:30:00,SHORT,4631.0,4678.4,4583.6,SL,-1,-47.4
2026-04-08,03:30:00,2026-04-08,03:30:00,Wednesday,03:30:00,LONG,4743.7,4723.0,4764.4,TP,1,20.7
2026-04-08,17:30:00,2026-04-08,17:30:00,Wednesday,17:30:00,LONG,4830.4,4806.4,4854.4,SL,-1,-24.0
2026-04-09,00:30:00,2026-04-09,15:30:00,Thursday,15:30:00,SHORT,4728.1,4769.8,4686.4,SL,-1,-41.7
2026-04-09,20:30:00,2026-04-10,07:30:00,Friday,07:30:00,LONG,4801.8,4772.5,4831.1,SL,-1,-29.3
2026-04-13,04:30:00,2026-04-13,05:30:00,Monday,05:30:00,SHORT,4665.2,4707.4,4623.0,SL,-1,-42.2
